2026-09-03 01:36:02,881 thaqip.awards INFO awards harvest resuming at listing page 1
2026-09-03 01:36:04,026 httpx INFO HTTP Request: GET https://tenders.etimad.sa/Tender/AllSupplierTendersForVisitorAsync?PageSize=20&PageNumber=1&TenderCategory=6 "HTTP/1.1 200 OK"
2026-09-03 01:36:04,130 thaqip_ingestion.etimad.session INFO bootstrapping Etimad session via headless browser
2026-09-03 01:36:12,118 thaqip_ingestion.etimad.session INFO bootstrap complete: 13 cookies (9 TSPD)
2026-09-03 01:36:12,290 httpx INFO HTTP Request: GET https://tenders.etimad.sa/Tender/GetAwardingResultsForVisitorViewComponenet?tenderIdStr=mrkGx4G42y+%2A%40%40%2A%2AGNLCzodqFA%3D%3D "HTTP/1.1 302 Found"
2026-09-03 01:36:15,349 httpx INFO HTTP Request: GET https://tenders.etimad.sa/Tender/GetAwardingResultsForVisitorViewComponenet?tenderIdStr=wD3H6ADz5eAYBBCkCkpy+w%3D%3D "HTTP/1.1 302 Found"
2026-09-03 01:36:18,457 httpx INFO HTTP Request: GET https://tenders.etimad.sa/Tender/GetAwardingResultsForVisitorViewComponenet?tenderIdStr=dE0hL6m16Jfgb9FeIVlNFw%3D%3D "HTTP/1.1 302 Found"
2026-09-03 01:36:21,524 httpx INFO HTTP Request: GET https://tenders.etimad.sa/Tender/GetAwardingResultsForVisitorViewComponenet?tenderIdStr=HfZ6tZimaXM0sYrnfpYsOA%3D%3D "HTTP/1.1 302 Found"
2026-09-03 01:36:24,644 httpx INFO HTTP Request: GET https://tenders.etimad.sa/Tender/GetAwardingResultsForVisitorViewComponenet?tenderIdStr=AV44iItVXFg13kg7pC8ZlA%3D%3D "HTTP/1.1 302 Found"
2026-09-03 01:36:27,724 httpx INFO HTTP Request: GET https://tenders.etimad.sa/Tender/GetAwardingResultsForVisitorViewComponenet?tenderIdStr=3kvOiYzErK9C+o8sqkbqaQ%3D%3D "HTTP/1.1 200 OK"
2026-09-03 01:36:30,788 httpx INFO HTTP Request: GET https://tenders.etimad.sa/Tender/GetAwardingResultsForVisitorViewComponenet?tenderIdStr=4bJl82GILJg3ar%2A%40%40%2A%2AIzdc3DA%3D%3D "HTTP/1.1 200 OK"
2026-09-03 01:36:33,882 httpx INFO HTTP Request: GET https://tenders.etimad.sa/Tender/GetAwardingResultsForVisitorViewComponenet?tenderIdStr=TdESr28HCDjYu9LzfEB5VQ%3D%3D "HTTP/1.1 200 OK"
2026-09-03 01:36:36,949 httpx INFO HTTP Request: GET https://tenders.etimad.sa/Tender/GetAwardingResultsForVisitorViewComponenet?tenderIdStr=QfT%2A%40%40%2A%2ATKdIfmjSGCRgKrPAvg%3D%3D "HTTP/1.1 302 Found"
2026-09-03 01:36:40,006 httpx INFO HTTP Request: GET https://tenders.etimad.sa/Tender/GetAwardingResultsForVisitorViewComponenet?tenderIdStr=dzibgMgegJXn2+148x4xQA%3D%3D "HTTP/1.1 200 OK"
2026-09-03 01:36:43,043 httpx INFO HTTP Request: GET https://tenders.etimad.sa/Tender/GetAwardingResultsForVisitorViewComponenet?tenderIdStr=XXJbDFS1WbGkOM7+Doq73g%3D%3D "HTTP/1.1 429 Too Many Requests"
2026-09-03 01:36:43,044 thaqip.awards WARNING 429 on awarding component; sleeping 34s
2026-09-03 01:37:17,217 httpx INFO HTTP Request: GET https://tenders.etimad.sa/Tender/GetAwardingResultsForVisitorViewComponenet?tenderIdStr=XXJbDFS1WbGkOM7+Doq73g%3D%3D "HTTP/1.1 302 Found"
2026-09-03 01:37:20,277 httpx INFO HTTP Request: GET https://tenders.etimad.sa/Tender/GetAwardingResultsForVisitorViewComponenet?tenderIdStr=xej79SN2U3EXdPsUVH%2A%40%40%2A%2Ar9Q%3D%3D "HTTP/1.1 200 OK"
2026-09-03 01:37:23,356 httpx INFO HTTP Request: GET https://tenders.etimad.sa/Tender/GetAwardingResultsForVisitorViewComponenet?tenderIdStr=gfM9enlbhXgFzHH6pM6yKQ%3D%3D "HTTP/1.1 200 OK"
2026-09-03 01:37:26,438 httpx INFO HTTP Request: GET https://tenders.etimad.sa/Tender/GetAwardingResultsForVisitorViewComponenet?tenderIdStr=tj85K6wyvwyaHwnE4eRWBg%3D%3D "HTTP/1.1 200 OK"
2026-09-03 01:37:29,526 httpx INFO HTTP Request: GET https://tenders.etimad.sa/Tender/GetAwardingResultsForVisitorViewComponenet?tenderIdStr=QNnkaC4RlksM46fDlTA97w%3D%3D "HTTP/1.1 200 OK"
2026-09-03 01:37:32,643 thaqip.awards INFO page 1 done: {'pages': 1, 'tenders': 20, 'skipped': 5, 'announced': 8, 'offers': 21, 'awards': 8, 'events': 8}
2026-09-03 01:37:48,658 httpx INFO HTTP Request: GET https://tenders.etimad.sa/Tender/AllSupplierTendersForVisitorAsync?PageSize=20&PageNumber=2&TenderCategory=6 "HTTP/1.1 200 OK"
2026-09-03 01:37:48,940 httpx INFO HTTP Request: GET https://tenders.etimad.sa/Tender/GetAwardingResultsForVisitorViewComponenet?tenderIdStr=mrkGx4G42y+%2A%40%40%2A%2AGNLCzodqFA%3D%3D "HTTP/1.1 302 Found"
2026-09-03 01:37:52,042 httpx INFO HTTP Request: GET https://tenders.etimad.sa/Tender/GetAwardingResultsForVisitorViewComponenet?tenderIdStr=wD3H6ADz5eAYBBCkCkpy+w%3D%3D "HTTP/1.1 302 Found"
2026-09-03 01:37:55,152 httpx INFO HTTP Request: GET https://tenders.etimad.sa/Tender/GetAwardingResultsForVisitorViewComponenet?tenderIdStr=dE0hL6m16Jfgb9FeIVlNFw%3D%3D "HTTP/1.1 302 Found"
2026-09-03 01:37:58,254 httpx INFO HTTP Request: GET https://tenders.etimad.sa/Tender/GetAwardingResultsForVisitorViewComponenet?tenderIdStr=HfZ6tZimaXM0sYrnfpYsOA%3D%3D "HTTP/1.1 302 Found"
2026-09-03 01:38:01,338 httpx INFO HTTP Request: GET https://tenders.etimad.sa/Tender/GetAwardingResultsForVisitorViewComponenet?tenderIdStr=AV44iItVXFg13kg7pC8ZlA%3D%3D "HTTP/1.1 302 Found"
2026-09-03 01:38:04,361 httpx INFO HTTP Request: GET https://tenders.etimad.sa/Tender/GetAwardingResultsForVisitorViewComponenet?tenderIdStr=QfT%2A%40%40%2A%2ATKdIfmjSGCRgKrPAvg%3D%3D "HTTP/1.1 429 Too Many Requests"
2026-09-03 01:38:04,362 thaqip.awards WARNING 429 on awarding component; sleeping 18s
2026-09-03 01:38:22,526 httpx INFO HTTP Request: GET https://tenders.etimad.sa/Tender/GetAwardingResultsForVisitorViewComponenet?tenderIdStr=QfT%2A%40%40%2A%2ATKdIfmjSGCRgKrPAvg%3D%3D "HTTP/1.1 302 Found"
2026-09-03 01:38:25,646 httpx INFO HTTP Request: GET https://tenders.etimad.sa/Tender/GetAwardingResultsForVisitorViewComponenet?tenderIdStr=XXJbDFS1WbGkOM7+Doq73g%3D%3D "HTTP/1.1 302 Found"
2026-09-03 01:38:28,850 httpx INFO HTTP Request: GET https://tenders.etimad.sa/Tender/GetAwardingResultsForVisitorViewComponenet?tenderIdStr=e7mc4m6vifRoPfIGgAeN6Q%3D%3D "HTTP/1.1 200 OK"
2026-09-03 01:38:31,987 httpx INFO HTTP Request: GET https://tenders.etimad.sa/Tender/GetAwardingResultsForVisitorViewComponenet?tenderIdStr=YC0CSd%2A%40%40%2A%2A0JzR1PlHxglyMqA%3D%3D "HTTP/1.1 200 OK"
2026-09-03 01:38:35,153 httpx INFO HTTP Request: GET https://tenders.etimad.sa/Tender/GetAwardingResultsForVisitorViewComponenet?tenderIdStr=k3tdVGzH0zWsONBSntkUWw%3D%3D "HTTP/1.1 200 OK"
2026-09-03 01:38:38,344 httpx INFO HTTP Request: GET https://tenders.etimad.sa/Tender/GetAwardingResultsForVisitorViewComponenet?tenderIdStr=boT+2QS4HdrBXGeT6HAP7g%3D%3D "HTTP/1.1 200 OK"
2026-09-03 01:38:41,507 httpx INFO HTTP Request: GET https://tenders.etimad.sa/Tender/GetAwardingResultsForVisitorViewComponenet?tenderIdStr=+Yc1iGZa2ANurlVFGFj+%2A%40%40%2A%2AQ%3D%3D "HTTP/1.1 200 OK"
2026-09-03 01:38:44,707 httpx INFO HTTP Request: GET https://tenders.etimad.sa/Tender/GetAwardingResultsForVisitorViewComponenet?tenderIdStr=hMSdDPEQw5aBR34PM0c76A%3D%3D "HTTP/1.1 200 OK"
2026-09-03 01:38:47,761 thaqip.awards INFO page 2 done: {'pages': 2, 'tenders': 40, 'skipped': 12, 'announced': 14, 'offers': 34, 'awards': 14, 'events': 14}
2026-09-03 01:38:48,618 httpx INFO HTTP Request: GET https://tenders.etimad.sa/Tender/AllSupplierTendersForVisitorAsync?PageSize=20&PageNumber=3&TenderCategory=6 "HTTP/1.1 200 OK"
2026-09-03 01:38:48,697 httpx INFO HTTP Request: GET https://tenders.etimad.sa/Tender/GetAwardingResultsForVisitorViewComponenet?tenderIdStr=+hiJq+2I15GBfFm7ghnM3Q%3D%3D "HTTP/1.1 200 OK"
2026-09-03 01:38:51,784 httpx INFO HTTP Request: GET https://tenders.etimad.sa/Tender/GetAwardingResultsForVisitorViewComponenet?tenderIdStr=falefTg+8AW%2A%40%40%2A%2AekGeYV0Cag%3D%3D "HTTP/1.1 200 OK"
2026-09-03 01:38:54,817 httpx INFO HTTP Request: GET https://tenders.etimad.sa/Tender/GetAwardingResultsForVisitorViewComponenet?tenderIdStr=vTb+HDMXP%2A%40%40%2A%2AgNqElhVhIq4g%3D%3D "HTTP/1.1 429 Too Many Requests"
2026-09-03 01:38:54,818 thaqip.awards WARNING 429 on awarding component; sleeping 33s
2026-09-03 01:39:28,010 httpx INFO HTTP Request: GET https://tenders.etimad.sa/Tender/GetAwardingResultsForVisitorViewComponenet?tenderIdStr=vTb+HDMXP%2A%40%40%2A%2AgNqElhVhIq4g%3D%3D "HTTP/1.1 200 OK"
2026-09-03 01:39:31,114 httpx INFO HTTP Request: GET https://tenders.etimad.sa/Tender/GetAwardingResultsForVisitorViewComponenet?tenderIdStr=rxSiprDTFeGS2d0kykZN3g%3D%3D "HTTP/1.1 200 OK"
2026-09-03 01:39:34,223 httpx INFO HTTP Request: GET https://tenders.etimad.sa/Tender/GetAwardingResultsForVisitorViewComponenet?tenderIdStr=LGXB6tz6TafV9vEeCsbJhw%3D%3D "HTTP/1.1 200 OK"
2026-09-03 01:39:37,306 httpx INFO HTTP Request: GET https://tenders.etimad.sa/Tender/GetAwardingResultsForVisitorViewComponenet?tenderIdStr=38I6LdtOGu%2A%40%40%2A%2AXRbrfo6fdxA%3D%3D "HTTP/1.1 200 OK"
2026-09-03 01:39:40,421 httpx INFO HTTP Request: GET https://tenders.etimad.sa/Tender/GetAwardingResultsForVisitorViewComponenet?tenderIdStr=m7OcXtk3CzhHr9jAkuZb6w%3D%3D "HTTP/1.1 200 OK"
2026-09-03 01:39:43,534 httpx INFO HTTP Request: GET https://tenders.etimad.sa/Tender/GetAwardingResultsForVisitorViewComponenet?tenderIdStr=LoQUhY2OCFg2xh3PgNLm0Q%3D%3D "HTTP/1.1 200 OK"
2026-09-03 01:39:46,649 httpx INFO HTTP Request: GET https://tenders.etimad.sa/Tender/GetAwardingResultsForVisitorViewComponenet?tenderIdStr=KSvdKPkZspdQeZp5NQibZQ%3D%3D "HTTP/1.1 200 OK"
2026-09-03 01:39:49,712 httpx INFO HTTP Request: GET https://tenders.etimad.sa/Tender/GetAwardingResultsForVisitorViewComponenet?tenderIdStr=HmLm+hrt80FgXYcW9wblbg%3D%3D "HTTP/1.1 200 OK"
2026-09-03 01:39:52,792 httpx INFO HTTP Request: GET https://tenders.etimad.sa/Tender/GetAwardingResultsForVisitorViewComponenet?tenderIdStr=OgjkomnCJRpO0pQUIjEyeg%3D%3D "HTTP/1.1 200 OK"
2026-09-03 01:39:56,167 httpx INFO HTTP Request: GET https://tenders.etimad.sa/Tender/GetAwardingResultsForVisitorViewComponenet?tenderIdStr=ODQqEww2sxz6vPPXYo6ABQ%3D%3D "HTTP/1.1 200 OK"
2026-09-03 01:39:59,222 httpx INFO HTTP Request: GET https://tenders.etimad.sa/Tender/GetAwardingResultsForVisitorViewComponenet?tenderIdStr=fvSJS6QIRidy6hpIu9zXVw%3D%3D "HTTP/1.1 429 Too Many Requests"
2026-09-03 01:39:59,223 thaqip.awards WARNING 429 on awarding component; sleeping 34s
2026-09-03 01:40:33,477 httpx INFO HTTP Request: GET https://tenders.etimad.sa/Tender/GetAwardingResultsForVisitorViewComponenet?tenderIdStr=fvSJS6QIRidy6hpIu9zXVw%3D%3D "HTTP/1.1 200 OK"
2026-09-03 01:40:36,593 httpx INFO HTTP Request: GET https://tenders.etimad.sa/Tender/GetAwardingResultsForVisitorViewComponenet?tenderIdStr=wKZHbXVkkeCrt1bu%2A%40%40%2A%2AEXjyA%3D%3D "HTTP/1.1 200 OK"
2026-09-03 01:40:39,726 httpx INFO HTTP Request: GET https://tenders.etimad.sa/Tender/GetAwardingResultsForVisitorViewComponenet?tenderIdStr=8HW5sbI0WF%2A%40%40%2A%2AkXNKc9%2A%40%40%2A%2AHxfg%3D%3D "HTTP/1.1 200 OK"
2026-09-03 01:40:42,834 httpx INFO HTTP Request: GET https://tenders.etimad.sa/Tender/GetAwardingResultsForVisitorViewComponenet?tenderIdStr=M880Ue+8v59yGdkG4N4XoQ%3D%3D "HTTP/1.1 200 OK"
2026-09-03 01:40:45,928 httpx INFO HTTP Request: GET https://tenders.etimad.sa/Tender/GetAwardingResultsForVisitorViewComponenet?tenderIdStr=AqCeo5KKbwjZiRU%2A%40%40%2A%2Au8Qe8A%3D%3D "HTTP/1.1 200 OK"
2026-09-03 01:40:48,994 httpx INFO HTTP Request: GET https://tenders.etimad.sa/Tender/GetAwardingResultsForVisitorViewComponenet?tenderIdStr=ppgkZsWMYbwdI1msJCH3rA%3D%3D "HTTP/1.1 200 OK"
2026-09-03 01:40:52,082 httpx INFO HTTP Request: GET https://tenders.etimad.sa/Tender/GetAwardingResultsForVisitorViewComponenet?tenderIdStr=QmBCEnqhwLL3PawDLLY6LQ%3D%3D "HTTP/1.1 200 OK"
2026-09-03 01:40:55,178 httpx INFO HTTP Request: GET https://tenders.etimad.sa/Tender/GetAwardingResultsForVisitorViewComponenet?tenderIdStr=3VIEqC0EfowG6xt2vOo+RA%3D%3D "HTTP/1.1 200 OK"
2026-09-03 01:40:58,277 thaqip.awards INFO page 3 done: {'pages': 3, 'tenders': 60, 'skipped': 12, 'announced': 34, 'offers': 99, 'awards': 34, 'events': 34}
2026-09-03 01:40:59,512 httpx INFO HTTP Request: GET https://tenders.etimad.sa/Tender/AllSupplierTendersForVisitorAsync?PageSize=20&PageNumber=4&TenderCategory=6 "HTTP/1.1 200 OK"
2026-09-03 01:40:59,579 httpx INFO HTTP Request: GET https://tenders.etimad.sa/Tender/GetAwardingResultsForVisitorViewComponenet?tenderIdStr=ljHOiOlGn6I4KZHv621s3g%3D%3D "HTTP/1.1 200 OK"
2026-09-03 01:41:02,717 httpx INFO HTTP Request: GET https://tenders.etimad.sa/Tender/GetAwardingResultsForVisitorViewComponenet?tenderIdStr=2Gj03RUB8ooVUxzI8gsBLg%3D%3D "HTTP/1.1 200 OK"
2026-09-03 01:41:05,788 httpx INFO HTTP Request: GET https://tenders.etimad.sa/Tender/GetAwardingResultsForVisitorViewComponenet?tenderIdStr=XHd9Z9jXilPGxu+kcUmlBA%3D%3D "HTTP/1.1 429 Too Many Requests"
2026-09-03 01:41:05,789 thaqip.awards WARNING 429 on awarding component; sleeping 33s
2026-09-03 01:41:38,939 httpx INFO HTTP Request: GET https://tenders.etimad.sa/Tender/GetAwardingResultsForVisitorViewComponenet?tenderIdStr=XHd9Z9jXilPGxu+kcUmlBA%3D%3D "HTTP/1.1 200 OK"
2026-09-03 01:41:42,006 httpx INFO HTTP Request: GET https://tenders.etimad.sa/Tender/GetAwardingResultsForVisitorViewComponenet?tenderIdStr=DobCPibZKvaUmijiQSHiwQ%3D%3D "HTTP/1.1 200 OK"
2026-09-03 01:41:45,106 httpx INFO HTTP Request: GET https://tenders.etimad.sa/Tender/GetAwardingResultsForVisitorViewComponenet?tenderIdStr=sqdhCiExYGsJP2Ixi+IH5w%3D%3D "HTTP/1.1 200 OK"
2026-09-03 01:41:48,181 httpx INFO HTTP Request: GET https://tenders.etimad.sa/Tender/GetAwardingResultsForVisitorViewComponenet?tenderIdStr=kfGNYjNGbtTXKThjpvMQXA%3D%3D "HTTP/1.1 302 Found"
2026-09-03 01:41:51,269 httpx INFO HTTP Request: GET https://tenders.etimad.sa/Tender/GetAwardingResultsForVisitorViewComponenet?tenderIdStr=VDi1PqNMAzOJrHpp%2A%40%40%2A%2A73q2A%3D%3D "HTTP/1.1 200 OK"
2026-09-03 01:41:54,392 httpx INFO HTTP Request: GET https://tenders.etimad.sa/Tender/GetAwardingResultsForVisitorViewComponenet?tenderIdStr=CjVHdwFh1bs70zj+HyojZw%3D%3D "HTTP/1.1 200 OK"
2026-09-03 01:41:57,480 httpx INFO HTTP Request: GET https://tenders.etimad.sa/Tender/GetAwardingResultsForVisitorViewComponenet?tenderIdStr=ETBO8wp67rh73c5YWK6T2A%3D%3D "HTTP/1.1 200 OK"
2026-09-03 01:42:00,572 httpx INFO HTTP Request: GET https://tenders.etimad.sa/Tender/GetAwardingResultsForVisitorViewComponenet?tenderIdStr=L8IE4p4YyPaNytyOuu7BAA%3D%3D "HTTP/1.1 200 OK"
2026-09-03 01:42:03,657 httpx INFO HTTP Request: GET https://tenders.etimad.sa/Tender/GetAwardingResultsForVisitorViewComponenet?tenderIdStr=7ES1jBLZnw%2A%40%40%2A%2AYe5zfkXQG%2A%40%40%2A%2AA%3D%3D "HTTP/1.1 200 OK"
2026-09-03 01:42:06,731 httpx INFO HTTP Request: GET https://tenders.etimad.sa/Tender/GetAwardingResultsForVisitorViewComponenet?tenderIdStr=FcRXSsHeYizEhs8pu5gZuw%3D%3D "HTTP/1.1 200 OK"
2026-09-03 01:42:09,773 httpx INFO HTTP Request: GET https://tenders.etimad.sa/Tender/GetAwardingResultsForVisitorViewComponenet?tenderIdStr=5cJh4fSKoCoFITpEAQcs+w%3D%3D "HTTP/1.1 429 Too Many Requests"
2026-09-03 01:42:09,773 thaqip.awards WARNING 429 on awarding component; sleeping 34s
2026-09-03 01:42:44,093 httpx INFO HTTP Request: GET https://tenders.etimad.sa/Tender/GetAwardingResultsForVisitorViewComponenet?tenderIdStr=5cJh4fSKoCoFITpEAQcs+w%3D%3D "HTTP/1.1 200 OK"
2026-09-03 01:42:47,192 httpx INFO HTTP Request: GET https://tenders.etimad.sa/Tender/GetAwardingResultsForVisitorViewComponenet?tenderIdStr=yrGzrCXF2lZtZ2BzXIjKAg%3D%3D "HTTP/1.1 200 OK"
2026-09-03 01:42:50,290 httpx INFO HTTP Request: GET https://tenders.etimad.sa/Tender/GetAwardingResultsForVisitorViewComponenet?tenderIdStr=oHrsQQbSpaTjaADA3nVGhA%3D%3D "HTTP/1.1 200 OK"
2026-09-03 01:42:53,373 httpx INFO HTTP Request: GET https://tenders.etimad.sa/Tender/GetAwardingResultsForVisitorViewComponenet?tenderIdStr=cq12mbFgdsvn7Qu7nK66+g%3D%3D "HTTP/1.1 200 OK"
2026-09-03 01:42:56,493 httpx INFO HTTP Request: GET https://tenders.etimad.sa/Tender/GetAwardingResultsForVisitorViewComponenet?tenderIdStr=pnwhpfvpAY1%2A%40%40%2A%2A7ZFCq3%2A%40%40%2A%2AvWg%3D%3D "HTTP/1.1 200 OK"
2026-09-03 01:42:59,577 httpx INFO HTTP Request: GET https://tenders.etimad.sa/Tender/GetAwardingResultsForVisitorViewComponenet?tenderIdStr=5+shIyx683tH%2A%40%40%2A%2ANsYx7%2A%40%40%2A%2ARDA%3D%3D "HTTP/1.1 302 Found"
2026-09-03 01:43:02,637 httpx INFO HTTP Request: GET https://tenders.etimad.sa/Tender/GetAwardingResultsForVisitorViewComponenet?tenderIdStr=ufqzg+77jxjbmaaCxjOkzw%3D%3D "HTTP/1.1 200 OK"
2026-09-03 01:43:05,738 httpx INFO HTTP Request: GET https://tenders.etimad.sa/Tender/GetAwardingResultsForVisitorViewComponenet?tenderIdStr=d27KQgIPQKA80kcK2AalPw%3D%3D "HTTP/1.1 200 OK"
2026-09-03 01:43:08,769 thaqip.awards INFO page 4 done: {'pages': 4, 'tenders': 80, 'skipped': 12, 'announced': 52, 'offers': 165, 'awards': 52, 'events': 52}
2026-09-03 01:43:09,231 httpx INFO HTTP Request: GET https://tenders.etimad.sa/Tender/AllSupplierTendersForVisitorAsync?PageSize=20&PageNumber=5&TenderCategory=6 "HTTP/1.1 400 Bad Request"
Traceback (most recent call last):
  File "<frozen runpy>", line 203, in _run_module_as_main
  File "<frozen runpy>", line 88, in _run_code
  File "/home/ais04/thaqip/services/ingestion/src/thaqip_ingestion/awards_harvest.py", line 226, in <module>
    asyncio.run(main())
    ~~~~~~~~~~~^^^^^^^^
  File "/home/ais04/.local/share/uv/python/cpython-3.13.15-linux-x86_64-gnu/lib/python3.13/asyncio/runners.py", line 196, in run
    return runner.run(main)
           ~~~~~~~~~~^^^^^^
  File "/home/ais04/.local/share/uv/python/cpython-3.13.15-linux-x86_64-gnu/lib/python3.13/asyncio/runners.py", line 119, in run
    return self._loop.run_until_complete(task)
           ~~~~~~~~~~~~~~~~~~~~~~~~~~~~~^^^^^^
  File "/home/ais04/.local/share/uv/python/cpython-3.13.15-linux-x86_64-gnu/lib/python3.13/asyncio/base_events.py", line 726, in run_until_complete
    return future.result()
           ~~~~~~~~~~~~~^^
  File "/home/ais04/thaqip/services/ingestion/src/thaqip_ingestion/awards_harvest.py", line 218, in main
    stats = await harvester.run(pages=args.pages, page_size=args.page_size)
            ^^^^^^^^^^^^^^^^^^^^^^^^^^^^^^^^^^^^^^^^^^^^^^^^^^^^^^^^^^^^^^^
  File "/home/ais04/thaqip/services/ingestion/src/thaqip_ingestion/awards_harvest.py", line 133, in run
    listing = await self._fetch_awarded_page(
              ^^^^^^^^^^^^^^^^^^^^^^^^^^^^^^^
        client, page, page_size, dict(AWARDED_CATEGORY_PARAM)
        ^^^^^^^^^^^^^^^^^^^^^^^^^^^^^^^^^^^^^^^^^^^^^^^^^^^^^
    )
    ^
  File "/home/ais04/thaqip/services/ingestion/src/thaqip_ingestion/awards_harvest.py", line 200, in _fetch_awarded_page
    resp.raise_for_status()
    ~~~~~~~~~~~~~~~~~~~~~^^
  File "/home/ais04/thaqip/services/ingestion/.venv/lib/python3.13/site-packages/httpx/_models.py", line 829, in raise_for_status
    raise HTTPStatusError(message, request=request, response=self)
httpx.HTTPStatusError: Client error '400 Bad Request' for url 'https://tenders.etimad.sa/Tender/AllSupplierTendersForVisitorAsync?PageSize=20&PageNumber=5&TenderCategory=6'
For more information check: https://developer.mozilla.org/en-US/docs/Web/HTTP/Status/400
2026-09-03T02:37:31+03:00 cron harvest session starting
Installed 3 packages in 22ms
2026-09-03 02:37:32,188 thaqip.awards INFO awards harvest resuming at listing page 5
2026-09-03 02:37:32,807 httpx INFO HTTP Request: GET https://tenders.etimad.sa/Tender/AllSupplierTendersForVisitorAsync?PageSize=20&PageNumber=5&TenderCategory=6 "HTTP/1.1 400 Bad Request"
2026-09-03 02:37:32,813 thaqip_ingestion.etimad.client WARNING etimad listing page=5 attempt=1 failed (Client error '400 Bad Request' for url 'https://tenders.etimad.sa/Tender/AllSupplierTendersForVisitorAsync?PageSize=20&PageNumber=5&TenderCategory=6'
For more information check: https://developer.mozilla.org/en-US/docs/Web/HTTP/Status/400); retrying in 1.4s
2026-09-03 02:37:34,583 httpx INFO HTTP Request: GET https://tenders.etimad.sa/Tender/AllSupplierTendersForVisitorAsync?PageSize=20&PageNumber=5&TenderCategory=6 "HTTP/1.1 400 Bad Request"
2026-09-03 02:37:34,584 thaqip_ingestion.etimad.client WARNING etimad listing page=5 attempt=2 failed (Client error '400 Bad Request' for url 'https://tenders.etimad.sa/Tender/AllSupplierTendersForVisitorAsync?PageSize=20&PageNumber=5&TenderCategory=6'
For more information check: https://developer.mozilla.org/en-US/docs/Web/HTTP/Status/400); retrying in 2.2s
2026-09-03 02:37:37,163 httpx INFO HTTP Request: GET https://tenders.etimad.sa/Tender/AllSupplierTendersForVisitorAsync?PageSize=20&PageNumber=5&TenderCategory=6 "HTTP/1.1 400 Bad Request"
2026-09-03 02:37:37,164 thaqip_ingestion.etimad.client WARNING etimad listing page=5 attempt=3 failed (Client error '400 Bad Request' for url 'https://tenders.etimad.sa/Tender/AllSupplierTendersForVisitorAsync?PageSize=20&PageNumber=5&TenderCategory=6'
For more information check: https://developer.mozilla.org/en-US/docs/Web/HTTP/Status/400); retrying in 5.4s
2026-09-03 02:37:42,986 httpx INFO HTTP Request: GET https://tenders.etimad.sa/Tender/AllSupplierTendersForVisitorAsync?PageSize=20&PageNumber=5&TenderCategory=6 "HTTP/1.1 400 Bad Request"
2026-09-03 02:37:42,987 thaqip_ingestion.etimad.client WARNING etimad listing page=5 attempt=4 failed (Client error '400 Bad Request' for url 'https://tenders.etimad.sa/Tender/AllSupplierTendersForVisitorAsync?PageSize=20&PageNumber=5&TenderCategory=6'
For more information check: https://developer.mozilla.org/en-US/docs/Web/HTTP/Status/400); retrying in 11.2s
2026-09-03 02:37:54,804 httpx INFO HTTP Request: GET https://tenders.etimad.sa/Tender/AllSupplierTendersForVisitorAsync?PageSize=20&PageNumber=5&TenderCategory=6 "HTTP/1.1 400 Bad Request"
Traceback (most recent call last):
  File "<frozen runpy>", line 203, in _run_module_as_main
  File "<frozen runpy>", line 88, in _run_code
  File "/home/ais04/thaqip/services/ingestion/src/thaqip_ingestion/awards_harvest.py", line 220, in <module>
    asyncio.run(main())
    ~~~~~~~~~~~^^^^^^^^
  File "/home/ais04/.local/share/uv/python/cpython-3.13.15-linux-x86_64-gnu/lib/python3.13/asyncio/runners.py", line 196, in run
    return runner.run(main)
           ~~~~~~~~~~^^^^^^
  File "/home/ais04/.local/share/uv/python/cpython-3.13.15-linux-x86_64-gnu/lib/python3.13/asyncio/runners.py", line 119, in run
    return self._loop.run_until_complete(task)
           ~~~~~~~~~~~~~~~~~~~~~~~~~~~~~^^^^^^
  File "/home/ais04/.local/share/uv/python/cpython-3.13.15-linux-x86_64-gnu/lib/python3.13/asyncio/base_events.py", line 726, in run_until_complete
    return future.result()
           ~~~~~~~~~~~~~^^
  File "/home/ais04/thaqip/services/ingestion/src/thaqip_ingestion/awards_harvest.py", line 212, in main
    stats = await harvester.run(pages=args.pages, page_size=args.page_size)
            ^^^^^^^^^^^^^^^^^^^^^^^^^^^^^^^^^^^^^^^^^^^^^^^^^^^^^^^^^^^^^^^
  File "/home/ais04/thaqip/services/ingestion/src/thaqip_ingestion/awards_harvest.py", line 133, in run
    listing = await self._fetch_awarded_page(
              ^^^^^^^^^^^^^^^^^^^^^^^^^^^^^^^
        client, page, page_size, dict(AWARDED_CATEGORY_PARAM)
        ^^^^^^^^^^^^^^^^^^^^^^^^^^^^^^^^^^^^^^^^^^^^^^^^^^^^^
    )
    ^
  File "/home/ais04/thaqip/services/ingestion/src/thaqip_ingestion/awards_harvest.py", line 196, in _fetch_awarded_page
    listing = await client.fetch_listing_page(page, page_size, extra_params=extra)
              ^^^^^^^^^^^^^^^^^^^^^^^^^^^^^^^^^^^^^^^^^^^^^^^^^^^^^^^^^^^^^^^^^^^^
  File "/home/ais04/thaqip/services/ingestion/src/thaqip_ingestion/etimad/client.py", line 93, in fetch_listing_page
    resp.raise_for_status()
    ~~~~~~~~~~~~~~~~~~~~~^^
  File "/home/ais04/thaqip/services/ingestion/.venv/lib/python3.13/site-packages/httpx/_models.py", line 829, in raise_for_status
    raise HTTPStatusError(message, request=request, response=self)
httpx.HTTPStatusError: Client error '400 Bad Request' for url 'https://tenders.etimad.sa/Tender/AllSupplierTendersForVisitorAsync?PageSize=20&PageNumber=5&TenderCategory=6'
For more information check: https://developer.mozilla.org/en-US/docs/Web/HTTP/Status/400
2026-09-03T02:38:55+03:00 cron harvest session starting
2026-09-03 02:38:55,769 thaqip.awards INFO awards harvest resuming at listing page 5
2026-09-03 02:38:56,618 httpx INFO HTTP Request: GET https://tenders.etimad.sa/Tender/AllSupplierTendersForVisitorAsync?PageSize=20&PageNumber=5&TenderCategory=6 "HTTP/1.1 200 OK"
2026-09-03 02:38:56,928 thaqip_ingestion.etimad.session INFO bootstrapping Etimad session via headless browser
2026-09-03 02:39:05,006 thaqip_ingestion.etimad.session INFO bootstrap complete: 13 cookies (9 TSPD)
2026-09-03 02:39:05,226 httpx INFO HTTP Request: GET https://tenders.etimad.sa/Tender/GetAwardingResultsForVisitorViewComponenet?tenderIdStr=UJAuDwmX+voqyuvlqeIY7g%3D%3D "HTTP/1.1 200 OK"
2026-09-03 02:39:08,337 httpx INFO HTTP Request: GET https://tenders.etimad.sa/Tender/GetAwardingResultsForVisitorViewComponenet?tenderIdStr=HmfQbXzwTKdCBqfIpPa0oA%3D%3D "HTTP/1.1 200 OK"
2026-09-03 02:39:11,429 httpx INFO HTTP Request: GET https://tenders.etimad.sa/Tender/GetAwardingResultsForVisitorViewComponenet?tenderIdStr=cBNaWp9JEfTsrGFuRhzHlg%3D%3D "HTTP/1.1 200 OK"
2026-09-03 02:39:14,526 httpx INFO HTTP Request: GET https://tenders.etimad.sa/Tender/GetAwardingResultsForVisitorViewComponenet?tenderIdStr=eEY3cyrelSBXW9DISOn0tg%3D%3D "HTTP/1.1 200 OK"
2026-09-03 02:39:17,625 httpx INFO HTTP Request: GET https://tenders.etimad.sa/Tender/GetAwardingResultsForVisitorViewComponenet?tenderIdStr=tBpXKrdLNHQgHhHTQv5wHA%3D%3D "HTTP/1.1 200 OK"
2026-09-03 02:39:20,714 httpx INFO HTTP Request: GET https://tenders.etimad.sa/Tender/GetAwardingResultsForVisitorViewComponenet?tenderIdStr=i8QgSYK0Tq6vt6QbMC4ndw%3D%3D "HTTP/1.1 200 OK"
2026-09-03 02:39:23,802 httpx INFO HTTP Request: GET https://tenders.etimad.sa/Tender/GetAwardingResultsForVisitorViewComponenet?tenderIdStr=JVqCpLJ4SdNb8gFiBiLpxQ%3D%3D "HTTP/1.1 200 OK"
2026-09-03 02:39:26,887 httpx INFO HTTP Request: GET https://tenders.etimad.sa/Tender/GetAwardingResultsForVisitorViewComponenet?tenderIdStr=pt67UiKyggmmF2%2A%40%40%2A%2Aut6PvMg%3D%3D "HTTP/1.1 200 OK"
2026-09-03 02:39:29,968 httpx INFO HTTP Request: GET https://tenders.etimad.sa/Tender/GetAwardingResultsForVisitorViewComponenet?tenderIdStr=UQE5YqH9io4Wzy5PKH17JA%3D%3D "HTTP/1.1 200 OK"
2026-09-03 02:39:33,046 httpx INFO HTTP Request: GET https://tenders.etimad.sa/Tender/GetAwardingResultsForVisitorViewComponenet?tenderIdStr=h3+FSVJjlWJNaMbkBHmtSg%3D%3D "HTTP/1.1 200 OK"
2026-09-03 02:39:36,074 httpx INFO HTTP Request: GET https://tenders.etimad.sa/Tender/GetAwardingResultsForVisitorViewComponenet?tenderIdStr=4EQ+Lb3eXRhgJb04ZZdl9Q%3D%3D "HTTP/1.1 429 Too Many Requests"
2026-09-03 02:39:36,075 thaqip.awards WARNING 429 on awarding component; sleeping 34s
2026-09-03 02:40:10,294 httpx INFO HTTP Request: GET https://tenders.etimad.sa/Tender/GetAwardingResultsForVisitorViewComponenet?tenderIdStr=4EQ+Lb3eXRhgJb04ZZdl9Q%3D%3D "HTTP/1.1 200 OK"
2026-09-03 02:40:13,391 httpx INFO HTTP Request: GET https://tenders.etimad.sa/Tender/GetAwardingResultsForVisitorViewComponenet?tenderIdStr=1PHNpiA5VZhO91PvkceN4w%3D%3D "HTTP/1.1 200 OK"
2026-09-03 02:40:16,484 httpx INFO HTTP Request: GET https://tenders.etimad.sa/Tender/GetAwardingResultsForVisitorViewComponenet?tenderIdStr=rakhllCYPSGGz8R5L9NYhg%3D%3D "HTTP/1.1 200 OK"
2026-09-03 02:40:19,569 httpx INFO HTTP Request: GET https://tenders.etimad.sa/Tender/GetAwardingResultsForVisitorViewComponenet?tenderIdStr=TakSV%2A%40%40%2A%2ApCgNHBUWNgHYF%2A%40%40%2A%2ATg%3D%3D "HTTP/1.1 200 OK"
2026-09-03 02:40:22,663 httpx INFO HTTP Request: GET https://tenders.etimad.sa/Tender/GetAwardingResultsForVisitorViewComponenet?tenderIdStr=H9LADOm44csEuLbqxhrKWw%3D%3D "HTTP/1.1 200 OK"
2026-09-03 02:40:25,759 httpx INFO HTTP Request: GET https://tenders.etimad.sa/Tender/GetAwardingResultsForVisitorViewComponenet?tenderIdStr=UGECJMm1CUkz8vq7EjHSkw%3D%3D "HTTP/1.1 200 OK"
2026-09-03 02:40:28,854 httpx INFO HTTP Request: GET https://tenders.etimad.sa/Tender/GetAwardingResultsForVisitorViewComponenet?tenderIdStr=76TKOPd++6HsHtJejDGWpA%3D%3D "HTTP/1.1 200 OK"
2026-09-03 02:40:31,957 httpx INFO HTTP Request: GET https://tenders.etimad.sa/Tender/GetAwardingResultsForVisitorViewComponenet?tenderIdStr=JbO%2A%40%40%2A%2AyafhEKq51NjLvzwr0Q%3D%3D "HTTP/1.1 200 OK"
2026-09-03 02:40:35,043 httpx INFO HTTP Request: GET https://tenders.etimad.sa/Tender/GetAwardingResultsForVisitorViewComponenet?tenderIdStr=zRv7B3Pd2TWNck9%2A%40%40%2A%2A3btc+g%3D%3D "HTTP/1.1 200 OK"
2026-09-03 02:40:38,122 httpx INFO HTTP Request: GET https://tenders.etimad.sa/Tender/GetAwardingResultsForVisitorViewComponenet?tenderIdStr=wERmnvv4vMND0wvak8gSPw%3D%3D "HTTP/1.1 200 OK"
2026-09-03 02:40:41,141 thaqip.awards INFO page 5 done: {'pages': 1, 'tenders': 20, 'skipped': 0, 'announced': 20, 'offers': 72, 'awards': 20, 'events': 20}
2026-09-03 02:40:41,592 httpx INFO HTTP Request: GET https://tenders.etimad.sa/Tender/AllSupplierTendersForVisitorAsync?PageSize=20&PageNumber=6&TenderCategory=6 "HTTP/1.1 400 Bad Request"
2026-09-03 02:40:41,593 thaqip_ingestion.etimad.client WARNING 400 (likely WAF cool-off); sleeping 90s (attempt 1)
2026-09-03 02:42:11,683 thaqip_ingestion.etimad.client WARNING etimad listing page=6 attempt=1 failed (waf cool-off); retrying in 1.1s
2026-09-03 02:42:13,244 httpx INFO HTTP Request: GET https://tenders.etimad.sa/Tender/AllSupplierTendersForVisitorAsync?PageSize=20&PageNumber=6&TenderCategory=6 "HTTP/1.1 400 Bad Request"
2026-09-03 02:42:13,244 thaqip_ingestion.etimad.client WARNING 400 (likely WAF cool-off); sleeping 180s (attempt 2)
2026-09-03 02:45:13,313 thaqip_ingestion.etimad.client WARNING etimad listing page=6 attempt=2 failed (waf cool-off); retrying in 2.5s
2026-09-03 02:45:16,383 httpx INFO HTTP Request: GET https://tenders.etimad.sa/Tender/AllSupplierTendersForVisitorAsync?PageSize=20&PageNumber=6&TenderCategory=6 "HTTP/1.1 400 Bad Request"
2026-09-03 02:45:16,385 thaqip_ingestion.etimad.client WARNING 400 (likely WAF cool-off); sleeping 270s (attempt 3)
2026-09-03T06:15:01+03:00 cron harvest session starting
/home/ais04/thaqip/bin/awards-harvest.sh: line 21: exec: uv: not found
2026-09-03T12:15:02+03:00 cron harvest session starting
/home/ais04/thaqip/bin/awards-harvest.sh: line 21: exec: uv: not found
2026-09-03T18:15:01+03:00 cron harvest session starting
/home/ais04/thaqip/bin/awards-harvest.sh: line 21: exec: uv: not found
2026-09-03T21:04:29+03:00 cron harvest session starting
2026-09-03 21:04:30,283 thaqip.awards INFO awards harvest resuming at listing page 6
2026-09-03 21:04:32,100 httpx INFO HTTP Request: GET https://tenders.etimad.sa/Tender/AllSupplierTendersForVisitorAsync?PageSize=20&PageNumber=6&TenderCategory=6 "HTTP/1.1 200 OK"
2026-09-03 21:04:32,227 thaqip_ingestion.etimad.session INFO bootstrapping Etimad session via headless browser
2026-09-03 21:04:40,410 thaqip_ingestion.etimad.session INFO bootstrap complete: 17 cookies (9 TSPD)
2026-09-03 21:04:40,811 httpx INFO HTTP Request: GET https://tenders.etimad.sa/Tender/GetAwardingResultsForVisitorViewComponenet?tenderIdStr=mrkGx4G42y+%2A%40%40%2A%2AGNLCzodqFA%3D%3D "HTTP/1.1 302 Found"
2026-09-03 21:04:43,935 httpx INFO HTTP Request: GET https://tenders.etimad.sa/Tender/GetAwardingResultsForVisitorViewComponenet?tenderIdStr=wD3H6ADz5eAYBBCkCkpy+w%3D%3D "HTTP/1.1 302 Found"
2026-09-03 21:04:47,031 httpx INFO HTTP Request: GET https://tenders.etimad.sa/Tender/GetAwardingResultsForVisitorViewComponenet?tenderIdStr=dE0hL6m16Jfgb9FeIVlNFw%3D%3D "HTTP/1.1 302 Found"
2026-09-03 21:04:50,144 httpx INFO HTTP Request: GET https://tenders.etimad.sa/Tender/GetAwardingResultsForVisitorViewComponenet?tenderIdStr=HfZ6tZimaXM0sYrnfpYsOA%3D%3D "HTTP/1.1 302 Found"
2026-09-03 21:04:53,302 httpx INFO HTTP Request: GET https://tenders.etimad.sa/Tender/GetAwardingResultsForVisitorViewComponenet?tenderIdStr=AV44iItVXFg13kg7pC8ZlA%3D%3D "HTTP/1.1 302 Found"
2026-09-03 21:04:56,431 httpx INFO HTTP Request: GET https://tenders.etimad.sa/Tender/GetAwardingResultsForVisitorViewComponenet?tenderIdStr=QfT%2A%40%40%2A%2ATKdIfmjSGCRgKrPAvg%3D%3D "HTTP/1.1 302 Found"
2026-09-03 21:04:59,572 httpx INFO HTTP Request: GET https://tenders.etimad.sa/Tender/GetAwardingResultsForVisitorViewComponenet?tenderIdStr=kfGNYjNGbtTXKThjpvMQXA%3D%3D "HTTP/1.1 302 Found"
2026-09-03 21:05:02,652 httpx INFO HTTP Request: GET https://tenders.etimad.sa/Tender/GetAwardingResultsForVisitorViewComponenet?tenderIdStr=5+shIyx683tH%2A%40%40%2A%2ANsYx7%2A%40%40%2A%2ARDA%3D%3D "HTTP/1.1 302 Found"
2026-09-03 21:05:05,724 httpx INFO HTTP Request: GET https://tenders.etimad.sa/Tender/GetAwardingResultsForVisitorViewComponenet?tenderIdStr=ac1YUnrZwNPjybnFFMEG+w%3D%3D "HTTP/1.1 200 OK"
2026-09-03 21:05:08,828 httpx INFO HTTP Request: GET https://tenders.etimad.sa/Tender/GetAwardingResultsForVisitorViewComponenet?tenderIdStr=WmntYz+kTymYUccvXpMP4Q%3D%3D "HTTP/1.1 200 OK"
2026-09-03 21:05:11,860 httpx INFO HTTP Request: GET https://tenders.etimad.sa/Tender/GetAwardingResultsForVisitorViewComponenet?tenderIdStr=CXpAIA8cVAD6IHVUu6%2A%40%40%2A%2AeNw%3D%3D "HTTP/1.1 429 Too Many Requests"
2026-09-03 21:05:11,863 thaqip.awards WARNING 429 on awarding component; sleeping 34s
2026-09-03 21:05:46,159 httpx INFO HTTP Request: GET https://tenders.etimad.sa/Tender/GetAwardingResultsForVisitorViewComponenet?tenderIdStr=CXpAIA8cVAD6IHVUu6%2A%40%40%2A%2AeNw%3D%3D "HTTP/1.1 200 OK"
2026-09-03 21:05:49,323 httpx INFO HTTP Request: GET https://tenders.etimad.sa/Tender/GetAwardingResultsForVisitorViewComponenet?tenderIdStr=sRvjUE1ELD06pLCbYo+v7A%3D%3D "HTTP/1.1 200 OK"
2026-09-03 21:05:52,532 httpx INFO HTTP Request: GET https://tenders.etimad.sa/Tender/GetAwardingResultsForVisitorViewComponenet?tenderIdStr=W%2A%40%40%2A%2Aet8fHTjb1MNNKx50vAYQ%3D%3D "HTTP/1.1 200 OK"
2026-09-03 21:05:56,370 httpx INFO HTTP Request: GET https://tenders.etimad.sa/Tender/GetAwardingResultsForVisitorViewComponenet?tenderIdStr=4mgCUTGFrX9LfRTS534Rqg%3D%3D "HTTP/1.1 200 OK"
2026-09-03 21:05:59,578 httpx INFO HTTP Request: GET https://tenders.etimad.sa/Tender/GetAwardingResultsForVisitorViewComponenet?tenderIdStr=6Vq0SbX4zRyQZ7QMmgnUoQ%3D%3D "HTTP/1.1 200 OK"
2026-09-03 21:06:02,783 httpx INFO HTTP Request: GET https://tenders.etimad.sa/Tender/GetAwardingResultsForVisitorViewComponenet?tenderIdStr=5OKtoRyVh%2A%40%40%2A%2AIzRo34cNaZ4w%3D%3D "HTTP/1.1 200 OK"
2026-09-03 21:06:05,901 httpx INFO HTTP Request: GET https://tenders.etimad.sa/Tender/GetAwardingResultsForVisitorViewComponenet?tenderIdStr=ytdGWH5vTRsrAexplj8%2A%40%40%2A%2AAg%3D%3D "HTTP/1.1 200 OK"
2026-09-03 21:06:09,108 httpx INFO HTTP Request: GET https://tenders.etimad.sa/Tender/GetAwardingResultsForVisitorViewComponenet?tenderIdStr=xR12zODA4d5VNbcrUvt1Pg%3D%3D "HTTP/1.1 200 OK"
2026-09-03 21:06:12,308 httpx INFO HTTP Request: GET https://tenders.etimad.sa/Tender/GetAwardingResultsForVisitorViewComponenet?tenderIdStr=qUTdXJf%2A%40%40%2A%2Aj3KeSkzXf6A3qg%3D%3D "HTTP/1.1 200 OK"
2026-09-03 21:06:15,414 httpx INFO HTTP Request: GET https://tenders.etimad.sa/Tender/GetAwardingResultsForVisitorViewComponenet?tenderIdStr=+Nc1zlsk2xPYiEfozWVQxQ%3D%3D "HTTP/1.1 200 OK"
2026-09-03 21:06:18,440 thaqip.awards INFO page 6 done: {'pages': 1, 'tenders': 20, 'skipped': 0, 'announced': 12, 'offers': 34, 'awards': 12, 'events': 12}
2026-09-03 21:06:18,901 httpx INFO HTTP Request: GET https://tenders.etimad.sa/Tender/AllSupplierTendersForVisitorAsync?PageSize=20&PageNumber=7&TenderCategory=6 "HTTP/1.1 400 Bad Request"
2026-09-03 21:06:18,902 thaqip_ingestion.etimad.client WARNING 400 (likely WAF cool-off); sleeping 90s (attempt 1)
2026-09-03 21:07:48,992 thaqip_ingestion.etimad.client WARNING etimad listing page=7 attempt=1 failed (waf cool-off); retrying in 1.4s
2026-09-03 21:07:51,490 httpx INFO HTTP Request: GET https://tenders.etimad.sa/Tender/AllSupplierTendersForVisitorAsync?PageSize=20&PageNumber=7&TenderCategory=6 "HTTP/1.1 200 OK"
2026-09-03 21:07:51,861 httpx INFO HTTP Request: GET https://tenders.etimad.sa/Tender/GetAwardingResultsForVisitorViewComponenet?tenderIdStr=mrkGx4G42y+%2A%40%40%2A%2AGNLCzodqFA%3D%3D "HTTP/1.1 302 Found"
2026-09-03 21:07:54,937 httpx INFO HTTP Request: GET https://tenders.etimad.sa/Tender/GetAwardingResultsForVisitorViewComponenet?tenderIdStr=wD3H6ADz5eAYBBCkCkpy+w%3D%3D "HTTP/1.1 302 Found"
2026-09-03 21:07:58,082 httpx INFO HTTP Request: GET https://tenders.etimad.sa/Tender/GetAwardingResultsForVisitorViewComponenet?tenderIdStr=dE0hL6m16Jfgb9FeIVlNFw%3D%3D "HTTP/1.1 302 Found"
2026-09-03 21:08:01,159 httpx INFO HTTP Request: GET https://tenders.etimad.sa/Tender/GetAwardingResultsForVisitorViewComponenet?tenderIdStr=HfZ6tZimaXM0sYrnfpYsOA%3D%3D "HTTP/1.1 302 Found"
2026-09-03 21:08:04,249 httpx INFO HTTP Request: GET https://tenders.etimad.sa/Tender/GetAwardingResultsForVisitorViewComponenet?tenderIdStr=AV44iItVXFg13kg7pC8ZlA%3D%3D "HTTP/1.1 302 Found"
2026-09-03 21:08:07,333 httpx INFO HTTP Request: GET https://tenders.etimad.sa/Tender/GetAwardingResultsForVisitorViewComponenet?tenderIdStr=QfT%2A%40%40%2A%2ATKdIfmjSGCRgKrPAvg%3D%3D "HTTP/1.1 302 Found"
2026-09-03 21:08:10,402 httpx INFO HTTP Request: GET https://tenders.etimad.sa/Tender/GetAwardingResultsForVisitorViewComponenet?tenderIdStr=kfGNYjNGbtTXKThjpvMQXA%3D%3D "HTTP/1.1 302 Found"
2026-09-03 21:08:13,531 httpx INFO HTTP Request: GET https://tenders.etimad.sa/Tender/GetAwardingResultsForVisitorViewComponenet?tenderIdStr=5+shIyx683tH%2A%40%40%2A%2ANsYx7%2A%40%40%2A%2ARDA%3D%3D "HTTP/1.1 302 Found"
2026-09-03 21:08:16,622 httpx INFO HTTP Request: GET https://tenders.etimad.sa/Tender/GetAwardingResultsForVisitorViewComponenet?tenderIdStr=M4j2ubmXsp8V1J+VRCDP5g%3D%3D "HTTP/1.1 302 Found"
2026-09-03 21:08:19,746 httpx INFO HTTP Request: GET https://tenders.etimad.sa/Tender/GetAwardingResultsForVisitorViewComponenet?tenderIdStr=NReqftTLXSncr+GdE9tOiQ%3D%3D "HTTP/1.1 200 OK"
2026-09-03 21:08:22,810 httpx INFO HTTP Request: GET https://tenders.etimad.sa/Tender/GetAwardingResultsForVisitorViewComponenet?tenderIdStr=EY05fI4DYg4QCGNOUm0HtQ%3D%3D "HTTP/1.1 429 Too Many Requests"
2026-09-03 21:08:22,811 thaqip.awards WARNING 429 on awarding component; sleeping 34s
2026-09-03 21:08:57,159 httpx INFO HTTP Request: GET https://tenders.etimad.sa/Tender/GetAwardingResultsForVisitorViewComponenet?tenderIdStr=EY05fI4DYg4QCGNOUm0HtQ%3D%3D "HTTP/1.1 200 OK"
2026-09-03 21:09:00,255 httpx INFO HTTP Request: GET https://tenders.etimad.sa/Tender/GetAwardingResultsForVisitorViewComponenet?tenderIdStr=7AnLXXLVli6+DaLr+NWoXQ%3D%3D "HTTP/1.1 200 OK"
2026-09-03 21:09:03,332 httpx INFO HTTP Request: GET https://tenders.etimad.sa/Tender/GetAwardingResultsForVisitorViewComponenet?tenderIdStr=lyn%2A%40%40%2A%2AIoyX8Bwv66TD6HsoCw%3D%3D "HTTP/1.1 200 OK"
2026-09-03 21:09:06,454 httpx INFO HTTP Request: GET https://tenders.etimad.sa/Tender/GetAwardingResultsForVisitorViewComponenet?tenderIdStr=%2A%40%40%2A%2A9fKDyUsKItmkB8nGsRQzg%3D%3D "HTTP/1.1 200 OK"
2026-09-03 21:09:09,582 httpx INFO HTTP Request: GET https://tenders.etimad.sa/Tender/GetAwardingResultsForVisitorViewComponenet?tenderIdStr=G9Cc4I29inEVvTOXxKztxg%3D%3D "HTTP/1.1 200 OK"
2026-09-03 21:09:12,690 httpx INFO HTTP Request: GET https://tenders.etimad.sa/Tender/GetAwardingResultsForVisitorViewComponenet?tenderIdStr=EyUUgouVAuRpFuZlTgYyag%3D%3D "HTTP/1.1 200 OK"
2026-09-03 21:09:15,778 httpx INFO HTTP Request: GET https://tenders.etimad.sa/Tender/GetAwardingResultsForVisitorViewComponenet?tenderIdStr=bAVuODz3mCgNP1%2A%40%40%2A%2AKvjZW2w%3D%3D "HTTP/1.1 200 OK"
2026-09-03 21:09:18,879 httpx INFO HTTP Request: GET https://tenders.etimad.sa/Tender/GetAwardingResultsForVisitorViewComponenet?tenderIdStr=ltiE60tQlPxcHxxr19zdfg%3D%3D "HTTP/1.1 200 OK"
2026-09-03 21:09:21,990 httpx INFO HTTP Request: GET https://tenders.etimad.sa/Tender/GetAwardingResultsForVisitorViewComponenet?tenderIdStr=sdxbndeUVdGtSMU4NaUBug%3D%3D "HTTP/1.1 200 OK"
2026-09-03 21:09:25,108 httpx INFO HTTP Request: GET https://tenders.etimad.sa/Tender/GetAwardingResultsForVisitorViewComponenet?tenderIdStr=zqRmwd7hde7DF60CGCY7oQ%3D%3D "HTTP/1.1 200 OK"
2026-09-03 21:09:28,161 thaqip.awards INFO page 7 done: {'pages': 2, 'tenders': 40, 'skipped': 0, 'announced': 23, 'offers': 73, 'awards': 23, 'events': 23}
2026-09-03 21:09:29,091 httpx INFO HTTP Request: GET https://tenders.etimad.sa/Tender/AllSupplierTendersForVisitorAsync?PageSize=20&PageNumber=8&TenderCategory=6 "HTTP/1.1 200 OK"
2026-09-03 21:09:29,166 httpx INFO HTTP Request: GET https://tenders.etimad.sa/Tender/GetAwardingResultsForVisitorViewComponenet?tenderIdStr=l93vdPQpKKf2QndOE4ebdQ%3D%3D "HTTP/1.1 429 Too Many Requests"
2026-09-03 21:09:29,167 thaqip.awards WARNING 429 on awarding component; sleeping 33s
2026-09-03 21:10:02,569 httpx INFO HTTP Request: GET https://tenders.etimad.sa/Tender/GetAwardingResultsForVisitorViewComponenet?tenderIdStr=l93vdPQpKKf2QndOE4ebdQ%3D%3D "HTTP/1.1 200 OK"
2026-09-03 21:10:05,699 httpx INFO HTTP Request: GET https://tenders.etimad.sa/Tender/GetAwardingResultsForVisitorViewComponenet?tenderIdStr=xnkqSaU1Lt7N4ChW+MHQnA%3D%3D "HTTP/1.1 200 OK"
2026-09-03 21:10:08,821 httpx INFO HTTP Request: GET https://tenders.etimad.sa/Tender/GetAwardingResultsForVisitorViewComponenet?tenderIdStr=LOmz0RWUkMJukZddJNuWTw%3D%3D "HTTP/1.1 200 OK"
2026-09-03 21:10:11,899 httpx INFO HTTP Request: GET https://tenders.etimad.sa/Tender/GetAwardingResultsForVisitorViewComponenet?tenderIdStr=7IyrNwi9DV8blENwbBGajw%3D%3D "HTTP/1.1 200 OK"
2026-09-03 21:10:15,062 httpx INFO HTTP Request: GET https://tenders.etimad.sa/Tender/GetAwardingResultsForVisitorViewComponenet?tenderIdStr=iHW94pQuZ303ZCUXb6FaUQ%3D%3D "HTTP/1.1 200 OK"
2026-09-03 21:10:18,174 httpx INFO HTTP Request: GET https://tenders.etimad.sa/Tender/GetAwardingResultsForVisitorViewComponenet?tenderIdStr=0XV7GxKRV4iZl2tVcOmdCQ%3D%3D "HTTP/1.1 200 OK"
2026-09-03 21:10:21,268 httpx INFO HTTP Request: GET https://tenders.etimad.sa/Tender/GetAwardingResultsForVisitorViewComponenet?tenderIdStr=Gb0styOpzmfrh7H87XZTvQ%3D%3D "HTTP/1.1 200 OK"
2026-09-03 21:10:24,369 httpx INFO HTTP Request: GET https://tenders.etimad.sa/Tender/GetAwardingResultsForVisitorViewComponenet?tenderIdStr=+n15dNwfD6tm9e%2A%40%40%2A%2ARetM72g%3D%3D "HTTP/1.1 200 OK"
2026-09-03 21:10:27,449 httpx INFO HTTP Request: GET https://tenders.etimad.sa/Tender/GetAwardingResultsForVisitorViewComponenet?tenderIdStr=hjZkoAb8xBJdWUhTXR9Rng%3D%3D "HTTP/1.1 200 OK"
2026-09-03 21:10:30,581 httpx INFO HTTP Request: GET https://tenders.etimad.sa/Tender/GetAwardingResultsForVisitorViewComponenet?tenderIdStr=wY4BoKrsvqAjxJLuoS9QfQ%3D%3D "HTTP/1.1 200 OK"
2026-09-03 21:10:33,646 httpx INFO HTTP Request: GET https://tenders.etimad.sa/Tender/GetAwardingResultsForVisitorViewComponenet?tenderIdStr=E6KaQswp8dJf308lJfz0Qg%3D%3D "HTTP/1.1 429 Too Many Requests"
2026-09-03 21:10:33,646 thaqip.awards WARNING 429 on awarding component; sleeping 34s
2026-09-03 21:11:08,993 httpx INFO HTTP Request: GET https://tenders.etimad.sa/Tender/GetAwardingResultsForVisitorViewComponenet?tenderIdStr=E6KaQswp8dJf308lJfz0Qg%3D%3D "HTTP/1.1 200 OK"
2026-09-03 21:11:12,111 httpx INFO HTTP Request: GET https://tenders.etimad.sa/Tender/GetAwardingResultsForVisitorViewComponenet?tenderIdStr=2uhCc+ckpeWArRgyfF5d%2A%40%40%2A%2AQ%3D%3D "HTTP/1.1 200 OK"
2026-09-03 21:11:15,251 httpx INFO HTTP Request: GET https://tenders.etimad.sa/Tender/GetAwardingResultsForVisitorViewComponenet?tenderIdStr=rT2A6HDdv0ivP1dqwrfDJA%3D%3D "HTTP/1.1 200 OK"
2026-09-03 21:11:18,370 httpx INFO HTTP Request: GET https://tenders.etimad.sa/Tender/GetAwardingResultsForVisitorViewComponenet?tenderIdStr=Qfr1CcjDDRxcw5LaBUtvfg%3D%3D "HTTP/1.1 200 OK"
2026-09-03 21:11:21,441 httpx INFO HTTP Request: GET https://tenders.etimad.sa/Tender/GetAwardingResultsForVisitorViewComponenet?tenderIdStr=0aMD9zXjTREhk1Uyh+PGTw%3D%3D "HTTP/1.1 200 OK"
2026-09-03 21:11:24,520 httpx INFO HTTP Request: GET https://tenders.etimad.sa/Tender/GetAwardingResultsForVisitorViewComponenet?tenderIdStr=j0nSHeS47W1q5NrRIRfShg%3D%3D "HTTP/1.1 200 OK"
2026-09-03 21:11:27,632 httpx INFO HTTP Request: GET https://tenders.etimad.sa/Tender/GetAwardingResultsForVisitorViewComponenet?tenderIdStr=zp3Sy8GYnJsw32LVXyX4yQ%3D%3D "HTTP/1.1 200 OK"
2026-09-03 21:11:30,720 httpx INFO HTTP Request: GET https://tenders.etimad.sa/Tender/GetAwardingResultsForVisitorViewComponenet?tenderIdStr=Nc6tJLWpC9rehakSkJEckA%3D%3D "HTTP/1.1 200 OK"
2026-09-03 21:11:33,869 httpx INFO HTTP Request: GET https://tenders.etimad.sa/Tender/GetAwardingResultsForVisitorViewComponenet?tenderIdStr=eNucH98QQwX+IhpQ2ZUSGw%3D%3D "HTTP/1.1 200 OK"
2026-09-03 21:11:37,102 httpx INFO HTTP Request: GET https://tenders.etimad.sa/Tender/GetAwardingResultsForVisitorViewComponenet?tenderIdStr=T4a51NlRs7CJg3rtYIKYxw%3D%3D "HTTP/1.1 200 OK"
2026-09-03 21:11:40,220 thaqip.awards INFO page 8 done: {'pages': 3, 'tenders': 60, 'skipped': 0, 'announced': 43, 'offers': 154, 'awards': 43, 'events': 43}
2026-09-03 21:11:41,330 httpx INFO HTTP Request: GET https://tenders.etimad.sa/Tender/AllSupplierTendersForVisitorAsync?PageSize=20&PageNumber=9&TenderCategory=6 "HTTP/1.1 200 OK"
2026-09-03 21:11:41,377 httpx INFO HTTP Request: GET https://tenders.etimad.sa/Tender/GetAwardingResultsForVisitorViewComponenet?tenderIdStr=RxPCMkNlalwrYgxKJ9JmsA%3D%3D "HTTP/1.1 429 Too Many Requests"
2026-09-03 21:11:41,382 thaqip.awards WARNING 429 on awarding component; sleeping 33s
2026-09-03 21:12:20,341 httpx INFO HTTP Request: GET https://tenders.etimad.sa/Tender/GetAwardingResultsForVisitorViewComponenet?tenderIdStr=RxPCMkNlalwrYgxKJ9JmsA%3D%3D "HTTP/1.1 200 OK"
2026-09-03 21:12:23,495 httpx INFO HTTP Request: GET https://tenders.etimad.sa/Tender/GetAwardingResultsForVisitorViewComponenet?tenderIdStr=%2A%40%40%2A%2AVAp1UXbjEgmoFx+WglJ7w%3D%3D "HTTP/1.1 200 OK"
2026-09-03 21:12:26,646 httpx INFO HTTP Request: GET https://tenders.etimad.sa/Tender/GetAwardingResultsForVisitorViewComponenet?tenderIdStr=Pt01enpx1mzSVyrqt31YEg%3D%3D "HTTP/1.1 200 OK"
2026-09-03 21:12:29,722 httpx INFO HTTP Request: GET https://tenders.etimad.sa/Tender/GetAwardingResultsForVisitorViewComponenet?tenderIdStr=W7VfNNEy2YP11Q+Cee4ouQ%3D%3D "HTTP/1.1 200 OK"
2026-09-03 21:12:32,806 httpx INFO HTTP Request: GET https://tenders.etimad.sa/Tender/GetAwardingResultsForVisitorViewComponenet?tenderIdStr=YR1jF1xyt1D7c9fTY1ADcg%3D%3D "HTTP/1.1 200 OK"
2026-09-03 21:12:35,969 httpx INFO HTTP Request: GET https://tenders.etimad.sa/Tender/GetAwardingResultsForVisitorViewComponenet?tenderIdStr=JTq1Wr2CkmhaPu7a8w%2A%40%40%2A%2AueQ%3D%3D "HTTP/1.1 200 OK"
2026-09-03 21:12:39,120 httpx INFO HTTP Request: GET https://tenders.etimad.sa/Tender/GetAwardingResultsForVisitorViewComponenet?tenderIdStr=EHQF79K%2A%40%40%2A%2AYpEZuzzh7eTCGA%3D%3D "HTTP/1.1 200 OK"
2026-09-03 21:12:42,222 httpx INFO HTTP Request: GET https://tenders.etimad.sa/Tender/GetAwardingResultsForVisitorViewComponenet?tenderIdStr=0whGoLfTiwDvT6%2A%40%40%2A%2AKJMGUdw%3D%3D "HTTP/1.1 200 OK"
2026-09-03 21:12:45,445 httpx INFO HTTP Request: GET https://tenders.etimad.sa/Tender/GetAwardingResultsForVisitorViewComponenet?tenderIdStr=%2A%40%40%2A%2AGOfINvDNXUkrxS+brAthA%3D%3D "HTTP/1.1 200 OK"
2026-09-03 21:12:48,588 httpx INFO HTTP Request: GET https://tenders.etimad.sa/Tender/GetAwardingResultsForVisitorViewComponenet?tenderIdStr=4HDG83%2A%40%40%2A%2ALdlNa1GFjSR3Vfw%3D%3D "HTTP/1.1 200 OK"
2026-09-03 21:12:51,702 httpx INFO HTTP Request: GET https://tenders.etimad.sa/Tender/GetAwardingResultsForVisitorViewComponenet?tenderIdStr=1ZG9i1ycEXrEg+ScvoldHA%3D%3D "HTTP/1.1 429 Too Many Requests"
2026-09-03 21:12:51,703 thaqip.awards WARNING 429 on awarding component; sleeping 34s
2026-09-03 21:13:26,072 httpx INFO HTTP Request: GET https://tenders.etimad.sa/Tender/GetAwardingResultsForVisitorViewComponenet?tenderIdStr=1ZG9i1ycEXrEg+ScvoldHA%3D%3D "HTTP/1.1 200 OK"
2026-09-03 21:13:29,192 httpx INFO HTTP Request: GET https://tenders.etimad.sa/Tender/GetAwardingResultsForVisitorViewComponenet?tenderIdStr=uaXb3VJZBU5UM4akUbu2hA%3D%3D "HTTP/1.1 200 OK"
2026-09-03 21:13:32,348 httpx INFO HTTP Request: GET https://tenders.etimad.sa/Tender/GetAwardingResultsForVisitorViewComponenet?tenderIdStr=qN5wJ%2A%40%40%2A%2AYqzB7ZVORjSdGerw%3D%3D "HTTP/1.1 200 OK"
2026-09-03 21:13:35,499 httpx INFO HTTP Request: GET https://tenders.etimad.sa/Tender/GetAwardingResultsForVisitorViewComponenet?tenderIdStr=EdNV499o6paUo0xPqOxLzg%3D%3D "HTTP/1.1 302 Found"
2026-09-03 21:13:38,568 httpx INFO HTTP Request: GET https://tenders.etimad.sa/Tender/GetAwardingResultsForVisitorViewComponenet?tenderIdStr=UnqBbzoGVll4y6Ey0ssjfA%3D%3D "HTTP/1.1 200 OK"
2026-09-03 21:13:41,785 httpx INFO HTTP Request: GET https://tenders.etimad.sa/Tender/GetAwardingResultsForVisitorViewComponenet?tenderIdStr=KtR%2A%40%40%2A%2AZDPeNNIoyuRFVVvB7A%3D%3D "HTTP/1.1 200 OK"
2026-09-03 21:13:44,957 httpx INFO HTTP Request: GET https://tenders.etimad.sa/Tender/GetAwardingResultsForVisitorViewComponenet?tenderIdStr=ZbPvJ3+cwhoMW%2A%40%40%2A%2AJBSTPAnw%3D%3D "HTTP/1.1 200 OK"
2026-09-03 21:13:48,136 httpx INFO HTTP Request: GET https://tenders.etimad.sa/Tender/GetAwardingResultsForVisitorViewComponenet?tenderIdStr=8d5Sw+bUs92DTlO+MbKmEg%3D%3D "HTTP/1.1 200 OK"
2026-09-03 21:13:51,288 httpx INFO HTTP Request: GET https://tenders.etimad.sa/Tender/GetAwardingResultsForVisitorViewComponenet?tenderIdStr=ucYSNlpmmvlxPu%2A%40%40%2A%2AtBuxp6A%3D%3D "HTTP/1.1 200 OK"
2026-09-03 21:13:54,414 httpx INFO HTTP Request: GET https://tenders.etimad.sa/Tender/GetAwardingResultsForVisitorViewComponenet?tenderIdStr=wYbuhF1wgrzgJq4aFkve+g%3D%3D "HTTP/1.1 200 OK"
2026-09-03 21:13:57,521 thaqip.awards INFO page 9 done: {'pages': 4, 'tenders': 80, 'skipped': 0, 'announced': 62, 'offers': 230, 'awards': 62, 'events': 62}
2026-09-03 21:13:58,120 httpx INFO HTTP Request: GET https://tenders.etimad.sa/Tender/AllSupplierTendersForVisitorAsync?PageSize=20&PageNumber=10&TenderCategory=6 "HTTP/1.1 400 Bad Request"
2026-09-03 21:13:58,134 thaqip_ingestion.etimad.client WARNING 400 (likely WAF cool-off); sleeping 90s (attempt 1)
2026-09-03 21:15:28,152 thaqip_ingestion.etimad.client WARNING etimad listing page=10 attempt=1 failed (waf cool-off); retrying in 1.4s
2026-09-03 21:15:30,110 httpx INFO HTTP Request: GET https://tenders.etimad.sa/Tender/AllSupplierTendersForVisitorAsync?PageSize=20&PageNumber=10&TenderCategory=6 "HTTP/1.1 400 Bad Request"
2026-09-03 21:15:30,111 thaqip_ingestion.etimad.client WARNING 400 (likely WAF cool-off); sleeping 180s (attempt 2)
2026-09-03 21:18:30,212 thaqip_ingestion.etimad.client WARNING etimad listing page=10 attempt=2 failed (waf cool-off); retrying in 2.5s
2026-09-03 21:18:33,088 httpx INFO HTTP Request: GET https://tenders.etimad.sa/Tender/AllSupplierTendersForVisitorAsync?PageSize=20&PageNumber=10&TenderCategory=6 "HTTP/1.1 400 Bad Request"
2026-09-03 21:18:33,090 thaqip_ingestion.etimad.client WARNING 400 (likely WAF cool-off); sleeping 270s (attempt 3)
2026-09-03 21:23:03,191 thaqip_ingestion.etimad.client WARNING etimad listing page=10 attempt=3 failed (waf cool-off); retrying in 4.9s
2026-09-03 21:23:08,574 httpx INFO HTTP Request: GET https://tenders.etimad.sa/Tender/AllSupplierTendersForVisitorAsync?PageSize=20&PageNumber=10&TenderCategory=6 "HTTP/1.1 400 Bad Request"
2026-09-03 21:23:08,575 thaqip_ingestion.etimad.client WARNING 400 (likely WAF cool-off); sleeping 360s (attempt 4)
2026-09-03 21:29:08,675 thaqip_ingestion.etimad.client WARNING etimad listing page=10 attempt=4 failed (waf cool-off); retrying in 11.5s
2026-09-03 21:29:20,685 httpx INFO HTTP Request: GET https://tenders.etimad.sa/Tender/AllSupplierTendersForVisitorAsync?PageSize=20&PageNumber=10&TenderCategory=6 "HTTP/1.1 400 Bad Request"
2026-09-03 21:29:20,686 thaqip_ingestion.etimad.client WARNING 400 (likely WAF cool-off); sleeping 450s (attempt 5)
Traceback (most recent call last):
  File "<frozen runpy>", line 203, in _run_module_as_main
  File "<frozen runpy>", line 88, in _run_code
  File "/home/ais04/thaqip/services/ingestion/src/thaqip_ingestion/awards_harvest.py", line 219, in <module>
    asyncio.run(main())
    ~~~~~~~~~~~^^^^^^^^
  File "/home/ais04/.local/share/uv/python/cpython-3.13.15-linux-x86_64-gnu/lib/python3.13/asyncio/runners.py", line 196, in run
    return runner.run(main)
           ~~~~~~~~~~^^^^^^
  File "/home/ais04/.local/share/uv/python/cpython-3.13.15-linux-x86_64-gnu/lib/python3.13/asyncio/runners.py", line 119, in run
    return self._loop.run_until_complete(task)
           ~~~~~~~~~~~~~~~~~~~~~~~~~~~~~^^^^^^
  File "/home/ais04/.local/share/uv/python/cpython-3.13.15-linux-x86_64-gnu/lib/python3.13/asyncio/base_events.py", line 726, in run_until_complete
    return future.result()
           ~~~~~~~~~~~~~^^
  File "/home/ais04/thaqip/services/ingestion/src/thaqip_ingestion/awards_harvest.py", line 211, in main
    stats = await harvester.run(pages=args.pages, page_size=args.page_size)
            ^^^^^^^^^^^^^^^^^^^^^^^^^^^^^^^^^^^^^^^^^^^^^^^^^^^^^^^^^^^^^^^
  File "/home/ais04/thaqip/services/ingestion/src/thaqip_ingestion/awards_harvest.py", line 132, in run
    listing = await self._fetch_awarded_page(
              ^^^^^^^^^^^^^^^^^^^^^^^^^^^^^^^
        client, page, page_size, dict(AWARDED_CATEGORY_PARAM)
        ^^^^^^^^^^^^^^^^^^^^^^^^^^^^^^^^^^^^^^^^^^^^^^^^^^^^^
    )
    ^
  File "/home/ais04/thaqip/services/ingestion/src/thaqip_ingestion/awards_harvest.py", line 195, in _fetch_awarded_page
    listing = await client.fetch_listing_page(page, page_size, extra_params=extra)
              ^^^^^^^^^^^^^^^^^^^^^^^^^^^^^^^^^^^^^^^^^^^^^^^^^^^^^^^^^^^^^^^^^^^^
  File "/home/ais04/thaqip/services/ingestion/src/thaqip_ingestion/etimad/client.py", line 96, in fetch_listing_page
    raise httpx.HTTPStatusError("waf cool-off", request=resp.request, response=resp)
httpx.HTTPStatusError: waf cool-off
2026-09-04T00:15:01+03:00 cron harvest session starting
2026-09-04 00:15:01,599 thaqip.awards INFO awards harvest resuming at listing page 10
2026-09-04 00:15:02,078 httpx INFO HTTP Request: GET https://tenders.etimad.sa/Tender/AllSupplierTendersForVisitorAsync?PageSize=20&PageNumber=10&TenderCategory=6 "HTTP/1.1 400 Bad Request"
2026-09-04 00:15:02,079 thaqip_ingestion.etimad.client WARNING 400 (likely WAF cool-off); sleeping 90s (attempt 1)
2026-09-04 00:16:32,169 thaqip_ingestion.etimad.client WARNING etimad listing page=10 attempt=1 failed (waf cool-off); retrying in 1.3s
2026-09-04 00:16:33,940 httpx INFO HTTP Request: GET https://tenders.etimad.sa/Tender/AllSupplierTendersForVisitorAsync?PageSize=20&PageNumber=10&TenderCategory=6 "HTTP/1.1 400 Bad Request"
2026-09-04 00:16:33,941 thaqip_ingestion.etimad.client WARNING 400 (likely WAF cool-off); sleeping 180s (attempt 2)
2026-09-04 00:19:34,041 thaqip_ingestion.etimad.client WARNING etimad listing page=10 attempt=2 failed (waf cool-off); retrying in 2.3s
2026-09-04 00:19:36,704 httpx INFO HTTP Request: GET https://tenders.etimad.sa/Tender/AllSupplierTendersForVisitorAsync?PageSize=20&PageNumber=10&TenderCategory=6 "HTTP/1.1 400 Bad Request"
2026-09-04 00:19:36,705 thaqip_ingestion.etimad.client WARNING 400 (likely WAF cool-off); sleeping 270s (attempt 3)
2026-09-04 00:24:06,805 thaqip_ingestion.etimad.client WARNING etimad listing page=10 attempt=3 failed (waf cool-off); retrying in 5.2s
2026-09-04 00:24:12,355 httpx INFO HTTP Request: GET https://tenders.etimad.sa/Tender/AllSupplierTendersForVisitorAsync?PageSize=20&PageNumber=10&TenderCategory=6 "HTTP/1.1 400 Bad Request"
2026-09-04 00:24:12,357 thaqip_ingestion.etimad.client WARNING 400 (likely WAF cool-off); sleeping 360s (attempt 4)
2026-09-04 00:30:12,457 thaqip_ingestion.etimad.client WARNING etimad listing page=10 attempt=4 failed (waf cool-off); retrying in 10.0s
2026-09-04 00:30:22,857 httpx INFO HTTP Request: GET https://tenders.etimad.sa/Tender/AllSupplierTendersForVisitorAsync?PageSize=20&PageNumber=10&TenderCategory=6 "HTTP/1.1 400 Bad Request"
2026-09-04 00:30:22,858 thaqip_ingestion.etimad.client WARNING 400 (likely WAF cool-off); sleeping 450s (attempt 5)
Traceback (most recent call last):
  File "<frozen runpy>", line 203, in _run_module_as_main
  File "<frozen runpy>", line 88, in _run_code
  File "/home/ais04/thaqip/services/ingestion/src/thaqip_ingestion/awards_harvest.py", line 219, in <module>
    asyncio.run(main())
    ~~~~~~~~~~~^^^^^^^^
  File "/home/ais04/.local/share/uv/python/cpython-3.13.15-linux-x86_64-gnu/lib/python3.13/asyncio/runners.py", line 196, in run
    return runner.run(main)
           ~~~~~~~~~~^^^^^^
  File "/home/ais04/.local/share/uv/python/cpython-3.13.15-linux-x86_64-gnu/lib/python3.13/asyncio/runners.py", line 119, in run
    return self._loop.run_until_complete(task)
           ~~~~~~~~~~~~~~~~~~~~~~~~~~~~~^^^^^^
  File "/home/ais04/.local/share/uv/python/cpython-3.13.15-linux-x86_64-gnu/lib/python3.13/asyncio/base_events.py", line 726, in run_until_complete
    return future.result()
           ~~~~~~~~~~~~~^^
  File "/home/ais04/thaqip/services/ingestion/src/thaqip_ingestion/awards_harvest.py", line 211, in main
    stats = await harvester.run(pages=args.pages, page_size=args.page_size)
            ^^^^^^^^^^^^^^^^^^^^^^^^^^^^^^^^^^^^^^^^^^^^^^^^^^^^^^^^^^^^^^^
  File "/home/ais04/thaqip/services/ingestion/src/thaqip_ingestion/awards_harvest.py", line 132, in run
    listing = await self._fetch_awarded_page(
              ^^^^^^^^^^^^^^^^^^^^^^^^^^^^^^^
        client, page, page_size, dict(AWARDED_CATEGORY_PARAM)
        ^^^^^^^^^^^^^^^^^^^^^^^^^^^^^^^^^^^^^^^^^^^^^^^^^^^^^
    )
    ^
  File "/home/ais04/thaqip/services/ingestion/src/thaqip_ingestion/awards_harvest.py", line 195, in _fetch_awarded_page
    listing = await client.fetch_listing_page(page, page_size, extra_params=extra)
              ^^^^^^^^^^^^^^^^^^^^^^^^^^^^^^^^^^^^^^^^^^^^^^^^^^^^^^^^^^^^^^^^^^^^
  File "/home/ais04/thaqip/services/ingestion/src/thaqip_ingestion/etimad/client.py", line 96, in fetch_listing_page
    raise httpx.HTTPStatusError("waf cool-off", request=resp.request, response=resp)
httpx.HTTPStatusError: waf cool-off
2026-09-04T06:15:01+03:00 cron harvest session starting
2026-09-04 06:15:02,406 thaqip.awards INFO awards harvest resuming at listing page 10
2026-09-04 06:15:02,796 httpx INFO HTTP Request: GET https://tenders.etimad.sa/Tender/AllSupplierTendersForVisitorAsync?PageSize=20&PageNumber=10&TenderCategory=6 "HTTP/1.1 400 Bad Request"
2026-09-04 06:15:02,797 thaqip_ingestion.etimad.client WARNING 400 (likely WAF cool-off); sleeping 90s (attempt 1)
2026-09-04 06:16:32,887 thaqip_ingestion.etimad.client WARNING etimad listing page=10 attempt=1 failed (waf cool-off); retrying in 1.4s
2026-09-04 06:16:34,828 httpx INFO HTTP Request: GET https://tenders.etimad.sa/Tender/AllSupplierTendersForVisitorAsync?PageSize=20&PageNumber=10&TenderCategory=6 "HTTP/1.1 400 Bad Request"
2026-09-04 06:16:34,829 thaqip_ingestion.etimad.client WARNING 400 (likely WAF cool-off); sleeping 180s (attempt 2)
2026-09-04 06:19:34,929 thaqip_ingestion.etimad.client WARNING etimad listing page=10 attempt=2 failed (waf cool-off); retrying in 2.3s
2026-09-04 06:19:37,862 httpx INFO HTTP Request: GET https://tenders.etimad.sa/Tender/AllSupplierTendersForVisitorAsync?PageSize=20&PageNumber=10&TenderCategory=6 "HTTP/1.1 400 Bad Request"
2026-09-04 06:19:37,863 thaqip_ingestion.etimad.client WARNING 400 (likely WAF cool-off); sleeping 270s (attempt 3)
2026-09-04 06:24:07,964 thaqip_ingestion.etimad.client WARNING etimad listing page=10 attempt=3 failed (waf cool-off); retrying in 4.0s
2026-09-04 06:24:12,331 httpx INFO HTTP Request: GET https://tenders.etimad.sa/Tender/AllSupplierTendersForVisitorAsync?PageSize=20&PageNumber=10&TenderCategory=6 "HTTP/1.1 400 Bad Request"
2026-09-04 06:24:12,331 thaqip_ingestion.etimad.client WARNING 400 (likely WAF cool-off); sleeping 360s (attempt 4)
2026-09-04 06:30:12,431 thaqip_ingestion.etimad.client WARNING etimad listing page=10 attempt=4 failed (waf cool-off); retrying in 9.8s
2026-09-04 06:30:22,773 httpx INFO HTTP Request: GET https://tenders.etimad.sa/Tender/AllSupplierTendersForVisitorAsync?PageSize=20&PageNumber=10&TenderCategory=6 "HTTP/1.1 400 Bad Request"
2026-09-04 06:30:22,774 thaqip_ingestion.etimad.client WARNING 400 (likely WAF cool-off); sleeping 450s (attempt 5)
Traceback (most recent call last):
  File "<frozen runpy>", line 203, in _run_module_as_main
  File "<frozen runpy>", line 88, in _run_code
  File "/home/ais04/thaqip/services/ingestion/src/thaqip_ingestion/awards_harvest.py", line 219, in <module>
    asyncio.run(main())
    ~~~~~~~~~~~^^^^^^^^
  File "/home/ais04/.local/share/uv/python/cpython-3.13.15-linux-x86_64-gnu/lib/python3.13/asyncio/runners.py", line 196, in run
    return runner.run(main)
           ~~~~~~~~~~^^^^^^
  File "/home/ais04/.local/share/uv/python/cpython-3.13.15-linux-x86_64-gnu/lib/python3.13/asyncio/runners.py", line 119, in run
    return self._loop.run_until_complete(task)
           ~~~~~~~~~~~~~~~~~~~~~~~~~~~~~^^^^^^
  File "/home/ais04/.local/share/uv/python/cpython-3.13.15-linux-x86_64-gnu/lib/python3.13/asyncio/base_events.py", line 726, in run_until_complete
    return future.result()
           ~~~~~~~~~~~~~^^
  File "/home/ais04/thaqip/services/ingestion/src/thaqip_ingestion/awards_harvest.py", line 211, in main
    stats = await harvester.run(pages=args.pages, page_size=args.page_size)
            ^^^^^^^^^^^^^^^^^^^^^^^^^^^^^^^^^^^^^^^^^^^^^^^^^^^^^^^^^^^^^^^
  File "/home/ais04/thaqip/services/ingestion/src/thaqip_ingestion/awards_harvest.py", line 132, in run
    listing = await self._fetch_awarded_page(
              ^^^^^^^^^^^^^^^^^^^^^^^^^^^^^^^
        client, page, page_size, dict(AWARDED_CATEGORY_PARAM)
        ^^^^^^^^^^^^^^^^^^^^^^^^^^^^^^^^^^^^^^^^^^^^^^^^^^^^^
    )
    ^
  File "/home/ais04/thaqip/services/ingestion/src/thaqip_ingestion/awards_harvest.py", line 195, in _fetch_awarded_page
    listing = await client.fetch_listing_page(page, page_size, extra_params=extra)
              ^^^^^^^^^^^^^^^^^^^^^^^^^^^^^^^^^^^^^^^^^^^^^^^^^^^^^^^^^^^^^^^^^^^^
  File "/home/ais04/thaqip/services/ingestion/src/thaqip_ingestion/etimad/client.py", line 96, in fetch_listing_page
    raise httpx.HTTPStatusError("waf cool-off", request=resp.request, response=resp)
httpx.HTTPStatusError: waf cool-off
2026-09-04T12:15:01+03:00 cron harvest session starting
2026-09-04 12:15:01,559 thaqip.awards INFO awards harvest resuming at listing page 10
2026-09-04 12:15:01,945 httpx INFO HTTP Request: GET https://tenders.etimad.sa/Tender/AllSupplierTendersForVisitorAsync?PageSize=20&PageNumber=10&TenderCategory=6 "HTTP/1.1 400 Bad Request"
2026-09-04 12:15:01,946 thaqip_ingestion.etimad.client WARNING 400 (likely WAF cool-off); sleeping 90s (attempt 1)
2026-09-04 12:16:32,036 thaqip_ingestion.etimad.client WARNING etimad listing page=10 attempt=1 failed (waf cool-off); retrying in 1.2s
2026-09-04 12:16:33,676 httpx INFO HTTP Request: GET https://tenders.etimad.sa/Tender/AllSupplierTendersForVisitorAsync?PageSize=20&PageNumber=10&TenderCategory=6 "HTTP/1.1 400 Bad Request"
2026-09-04 12:16:33,677 thaqip_ingestion.etimad.client WARNING 400 (likely WAF cool-off); sleeping 180s (attempt 2)
2026-09-04 12:19:33,778 thaqip_ingestion.etimad.client WARNING etimad listing page=10 attempt=2 failed (waf cool-off); retrying in 2.7s
2026-09-04 12:19:36,969 httpx INFO HTTP Request: GET https://tenders.etimad.sa/Tender/AllSupplierTendersForVisitorAsync?PageSize=20&PageNumber=10&TenderCategory=6 "HTTP/1.1 400 Bad Request"
2026-09-04 12:19:36,970 thaqip_ingestion.etimad.client WARNING 400 (likely WAF cool-off); sleeping 270s (attempt 3)
2026-09-04 12:24:07,071 thaqip_ingestion.etimad.client WARNING etimad listing page=10 attempt=3 failed (waf cool-off); retrying in 4.5s
2026-09-04 12:24:12,053 httpx INFO HTTP Request: GET https://tenders.etimad.sa/Tender/AllSupplierTendersForVisitorAsync?PageSize=20&PageNumber=10&TenderCategory=6 "HTTP/1.1 400 Bad Request"
2026-09-04 12:24:12,054 thaqip_ingestion.etimad.client WARNING 400 (likely WAF cool-off); sleeping 360s (attempt 4)
2026-09-04 12:30:12,155 thaqip_ingestion.etimad.client WARNING etimad listing page=10 attempt=4 failed (waf cool-off); retrying in 8.8s
2026-09-04 12:30:21,396 httpx INFO HTTP Request: GET https://tenders.etimad.sa/Tender/AllSupplierTendersForVisitorAsync?PageSize=20&PageNumber=10&TenderCategory=6 "HTTP/1.1 400 Bad Request"
2026-09-04 12:30:21,397 thaqip_ingestion.etimad.client WARNING 400 (likely WAF cool-off); sleeping 450s (attempt 5)
Traceback (most recent call last):
  File "<frozen runpy>", line 203, in _run_module_as_main
  File "<frozen runpy>", line 88, in _run_code
  File "/home/ais04/thaqip/services/ingestion/src/thaqip_ingestion/awards_harvest.py", line 219, in <module>
    asyncio.run(main())
    ~~~~~~~~~~~^^^^^^^^
  File "/home/ais04/.local/share/uv/python/cpython-3.13.15-linux-x86_64-gnu/lib/python3.13/asyncio/runners.py", line 196, in run
    return runner.run(main)
           ~~~~~~~~~~^^^^^^
  File "/home/ais04/.local/share/uv/python/cpython-3.13.15-linux-x86_64-gnu/lib/python3.13/asyncio/runners.py", line 119, in run
    return self._loop.run_until_complete(task)
           ~~~~~~~~~~~~~~~~~~~~~~~~~~~~~^^^^^^
  File "/home/ais04/.local/share/uv/python/cpython-3.13.15-linux-x86_64-gnu/lib/python3.13/asyncio/base_events.py", line 726, in run_until_complete
    return future.result()
           ~~~~~~~~~~~~~^^
  File "/home/ais04/thaqip/services/ingestion/src/thaqip_ingestion/awards_harvest.py", line 211, in main
    stats = await harvester.run(pages=args.pages, page_size=args.page_size)
            ^^^^^^^^^^^^^^^^^^^^^^^^^^^^^^^^^^^^^^^^^^^^^^^^^^^^^^^^^^^^^^^
  File "/home/ais04/thaqip/services/ingestion/src/thaqip_ingestion/awards_harvest.py", line 132, in run
    listing = await self._fetch_awarded_page(
              ^^^^^^^^^^^^^^^^^^^^^^^^^^^^^^^
        client, page, page_size, dict(AWARDED_CATEGORY_PARAM)
        ^^^^^^^^^^^^^^^^^^^^^^^^^^^^^^^^^^^^^^^^^^^^^^^^^^^^^
    )
    ^
  File "/home/ais04/thaqip/services/ingestion/src/thaqip_ingestion/awards_harvest.py", line 195, in _fetch_awarded_page
    listing = await client.fetch_listing_page(page, page_size, extra_params=extra)
              ^^^^^^^^^^^^^^^^^^^^^^^^^^^^^^^^^^^^^^^^^^^^^^^^^^^^^^^^^^^^^^^^^^^^
  File "/home/ais04/thaqip/services/ingestion/src/thaqip_ingestion/etimad/client.py", line 96, in fetch_listing_page
    raise httpx.HTTPStatusError("waf cool-off", request=resp.request, response=resp)
httpx.HTTPStatusError: waf cool-off
2026-09-04T18:15:01+03:00 cron harvest session starting
2026-09-04 18:15:02,180 thaqip.awards INFO awards harvest resuming at listing page 10
2026-09-04 18:15:02,677 httpx INFO HTTP Request: GET https://tenders.etimad.sa/Tender/AllSupplierTendersForVisitorAsync?PageSize=20&PageNumber=10&TenderCategory=6 "HTTP/1.1 400 Bad Request"
2026-09-04 18:15:02,678 thaqip_ingestion.etimad.client WARNING 400 (likely WAF cool-off); sleeping 90s (attempt 1)
2026-09-04 18:16:32,766 thaqip_ingestion.etimad.client WARNING etimad listing page=10 attempt=1 failed (waf cool-off); retrying in 1.1s
2026-09-04 18:16:34,497 httpx INFO HTTP Request: GET https://tenders.etimad.sa/Tender/AllSupplierTendersForVisitorAsync?PageSize=20&PageNumber=10&TenderCategory=6 "HTTP/1.1 400 Bad Request"
2026-09-04 18:16:34,498 thaqip_ingestion.etimad.client WARNING 400 (likely WAF cool-off); sleeping 180s (attempt 2)
2026-09-04 18:19:34,598 thaqip_ingestion.etimad.client WARNING etimad listing page=10 attempt=2 failed (waf cool-off); retrying in 2.9s
2026-09-04 18:19:38,082 httpx INFO HTTP Request: GET https://tenders.etimad.sa/Tender/AllSupplierTendersForVisitorAsync?PageSize=20&PageNumber=10&TenderCategory=6 "HTTP/1.1 400 Bad Request"
2026-09-04 18:19:38,083 thaqip_ingestion.etimad.client WARNING 400 (likely WAF cool-off); sleeping 270s (attempt 3)
2026-09-04 18:24:08,184 thaqip_ingestion.etimad.client WARNING etimad listing page=10 attempt=3 failed (waf cool-off); retrying in 5.7s
2026-09-04 18:24:15,684 httpx INFO HTTP Request: GET https://tenders.etimad.sa/Tender/AllSupplierTendersForVisitorAsync?PageSize=20&PageNumber=10&TenderCategory=6 "HTTP/1.1 400 Bad Request"
2026-09-04 18:24:15,685 thaqip_ingestion.etimad.client WARNING 400 (likely WAF cool-off); sleeping 360s (attempt 4)
2026-09-04 18:30:15,783 thaqip_ingestion.etimad.client WARNING etimad listing page=10 attempt=4 failed (waf cool-off); retrying in 10.5s
2026-09-04 18:30:26,739 httpx INFO HTTP Request: GET https://tenders.etimad.sa/Tender/AllSupplierTendersForVisitorAsync?PageSize=20&PageNumber=10&TenderCategory=6 "HTTP/1.1 400 Bad Request"
2026-09-04 18:30:26,739 thaqip_ingestion.etimad.client WARNING 400 (likely WAF cool-off); sleeping 450s (attempt 5)
Traceback (most recent call last):
  File "<frozen runpy>", line 203, in _run_module_as_main
  File "<frozen runpy>", line 88, in _run_code
  File "/home/ais04/thaqip/services/ingestion/src/thaqip_ingestion/awards_harvest.py", line 219, in <module>
    asyncio.run(main())
    ~~~~~~~~~~~^^^^^^^^
  File "/home/ais04/.local/share/uv/python/cpython-3.13.15-linux-x86_64-gnu/lib/python3.13/asyncio/runners.py", line 196, in run
    return runner.run(main)
           ~~~~~~~~~~^^^^^^
  File "/home/ais04/.local/share/uv/python/cpython-3.13.15-linux-x86_64-gnu/lib/python3.13/asyncio/runners.py", line 119, in run
    return self._loop.run_until_complete(task)
           ~~~~~~~~~~~~~~~~~~~~~~~~~~~~~^^^^^^
  File "/home/ais04/.local/share/uv/python/cpython-3.13.15-linux-x86_64-gnu/lib/python3.13/asyncio/base_events.py", line 726, in run_until_complete
    return future.result()
           ~~~~~~~~~~~~~^^
  File "/home/ais04/thaqip/services/ingestion/src/thaqip_ingestion/awards_harvest.py", line 211, in main
    stats = await harvester.run(pages=args.pages, page_size=args.page_size)
            ^^^^^^^^^^^^^^^^^^^^^^^^^^^^^^^^^^^^^^^^^^^^^^^^^^^^^^^^^^^^^^^
  File "/home/ais04/thaqip/services/ingestion/src/thaqip_ingestion/awards_harvest.py", line 132, in run
    listing = await self._fetch_awarded_page(
              ^^^^^^^^^^^^^^^^^^^^^^^^^^^^^^^
        client, page, page_size, dict(AWARDED_CATEGORY_PARAM)
        ^^^^^^^^^^^^^^^^^^^^^^^^^^^^^^^^^^^^^^^^^^^^^^^^^^^^^
    )
    ^
  File "/home/ais04/thaqip/services/ingestion/src/thaqip_ingestion/awards_harvest.py", line 195, in _fetch_awarded_page
    listing = await client.fetch_listing_page(page, page_size, extra_params=extra)
              ^^^^^^^^^^^^^^^^^^^^^^^^^^^^^^^^^^^^^^^^^^^^^^^^^^^^^^^^^^^^^^^^^^^^
  File "/home/ais04/thaqip/services/ingestion/src/thaqip_ingestion/etimad/client.py", line 96, in fetch_listing_page
    raise httpx.HTTPStatusError("waf cool-off", request=resp.request, response=resp)
httpx.HTTPStatusError: waf cool-off
2026-09-05T00:15:01+03:00 cron harvest session starting
Traceback (most recent call last):
  File "<frozen runpy>", line 203, in _run_module_as_main
  File "<frozen runpy>", line 88, in _run_code
  File "/home/ais04/thaqip/services/ingestion/src/thaqip_ingestion/awards_harvest.py", line 219, in <module>
    asyncio.run(main())
    ~~~~~~~~~~~^^^^^^^^
  File "/home/ais04/.local/share/uv/python/cpython-3.13.15-linux-x86_64-gnu/lib/python3.13/asyncio/runners.py", line 196, in run
    return runner.run(main)
           ~~~~~~~~~~^^^^^^
  File "/home/ais04/.local/share/uv/python/cpython-3.13.15-linux-x86_64-gnu/lib/python3.13/asyncio/runners.py", line 119, in run
    return self._loop.run_until_complete(task)
           ~~~~~~~~~~~~~~~~~~~~~~~~~~~~~^^^^^^
  File "/home/ais04/.local/share/uv/python/cpython-3.13.15-linux-x86_64-gnu/lib/python3.13/asyncio/base_events.py", line 726, in run_until_complete
    return future.result()
           ~~~~~~~~~~~~~^^
  File "/home/ais04/thaqip/services/ingestion/src/thaqip_ingestion/awards_harvest.py", line 208, in main
    pool = await db.connect(os.environ["DATABASE_URL"])
           ^^^^^^^^^^^^^^^^^^^^^^^^^^^^^^^^^^^^^^^^^^^^
  File "/home/ais04/thaqip/services/ingestion/src/thaqip_ingestion/db.py", line 72, in connect
    return await asyncpg.create_pool(dsn, min_size=1, max_size=4)
           ^^^^^^^^^^^^^^^^^^^^^^^^^^^^^^^^^^^^^^^^^^^^^^^^^^^^^^
  File "/home/ais04/thaqip/services/ingestion/.venv/lib/python3.13/site-packages/asyncpg/pool.py", line 439, in _async__init__
    await self._initialize()
  File "/home/ais04/thaqip/services/ingestion/.venv/lib/python3.13/site-packages/asyncpg/pool.py", line 466, in _initialize
    await first_ch.connect()
  File "/home/ais04/thaqip/services/ingestion/.venv/lib/python3.13/site-packages/asyncpg/pool.py", line 153, in connect
    self._con = await self._pool._get_new_connection()
                ^^^^^^^^^^^^^^^^^^^^^^^^^^^^^^^^^^^^^^
  File "/home/ais04/thaqip/services/ingestion/.venv/lib/python3.13/site-packages/asyncpg/pool.py", line 538, in _get_new_connection
    con = await self._connect(
          ^^^^^^^^^^^^^^^^^^^^
    ...<5 lines>...
    )
    ^
  File "/home/ais04/thaqip/services/ingestion/.venv/lib/python3.13/site-packages/asyncpg/connection.py", line 2443, in connect
    return await connect_utils._connect(
           ^^^^^^^^^^^^^^^^^^^^^^^^^^^^^
    ...<22 lines>...
    )
    ^
  File "/home/ais04/thaqip/services/ingestion/.venv/lib/python3.13/site-packages/asyncpg/connect_utils.py", line 1249, in _connect
    raise last_error or exceptions.TargetServerAttributeNotMatched(
    ...<2 lines>...
    )
  File "/home/ais04/thaqip/services/ingestion/.venv/lib/python3.13/site-packages/asyncpg/connect_utils.py", line 1218, in _connect
    conn = await _connect_addr(
           ^^^^^^^^^^^^^^^^^^^^
    ...<6 lines>...
    )
    ^
  File "/home/ais04/thaqip/services/ingestion/.venv/lib/python3.13/site-packages/asyncpg/connect_utils.py", line 1054, in _connect_addr
    return await __connect_addr(params, True, *args)
           ^^^^^^^^^^^^^^^^^^^^^^^^^^^^^^^^^^^^^^^^^
  File "/home/ais04/thaqip/services/ingestion/.venv/lib/python3.13/site-packages/asyncpg/connect_utils.py", line 1099, in __connect_addr
    tr, pr = await connector
             ^^^^^^^^^^^^^^^
  File "/home/ais04/thaqip/services/ingestion/.venv/lib/python3.13/site-packages/asyncpg/connect_utils.py", line 969, in _create_ssl_connection
    tr, pr = await loop.create_connection(
             ^^^^^^^^^^^^^^^^^^^^^^^^^^^^^
    ...<2 lines>...
        host, port)
        ^^^^^^^^^^^
  File "/home/ais04/.local/share/uv/python/cpython-3.13.15-linux-x86_64-gnu/lib/python3.13/asyncio/base_events.py", line 1172, in create_connection
    raise exceptions[0]
  File "/home/ais04/.local/share/uv/python/cpython-3.13.15-linux-x86_64-gnu/lib/python3.13/asyncio/base_events.py", line 1147, in create_connection
    sock = await self._connect_sock(
           ^^^^^^^^^^^^^^^^^^^^^^^^^
        exceptions, addrinfo, laddr_infos)
        ^^^^^^^^^^^^^^^^^^^^^^^^^^^^^^^^^^
  File "/home/ais04/.local/share/uv/python/cpython-3.13.15-linux-x86_64-gnu/lib/python3.13/asyncio/base_events.py", line 1046, in _connect_sock
    await self.sock_connect(sock, address)
  File "/home/ais04/.local/share/uv/python/cpython-3.13.15-linux-x86_64-gnu/lib/python3.13/asyncio/selector_events.py", line 643, in sock_connect
    return await fut
           ^^^^^^^^^
  File "/home/ais04/.local/share/uv/python/cpython-3.13.15-linux-x86_64-gnu/lib/python3.13/asyncio/selector_events.py", line 683, in _sock_connect_cb
    raise OSError(err, f'Connect call failed {address}')
ConnectionRefusedError: [Errno 111] Connect call failed ('127.0.0.1', 5433)
2026-09-05T06:15:01+03:00 cron harvest session starting
Traceback (most recent call last):
  File "<frozen runpy>", line 203, in _run_module_as_main
  File "<frozen runpy>", line 88, in _run_code
  File "/home/ais04/thaqip/services/ingestion/src/thaqip_ingestion/awards_harvest.py", line 219, in <module>
    asyncio.run(main())
    ~~~~~~~~~~~^^^^^^^^
  File "/home/ais04/.local/share/uv/python/cpython-3.13.15-linux-x86_64-gnu/lib/python3.13/asyncio/runners.py", line 196, in run
    return runner.run(main)
           ~~~~~~~~~~^^^^^^
  File "/home/ais04/.local/share/uv/python/cpython-3.13.15-linux-x86_64-gnu/lib/python3.13/asyncio/runners.py", line 119, in run
    return self._loop.run_until_complete(task)
           ~~~~~~~~~~~~~~~~~~~~~~~~~~~~~^^^^^^
  File "/home/ais04/.local/share/uv/python/cpython-3.13.15-linux-x86_64-gnu/lib/python3.13/asyncio/base_events.py", line 726, in run_until_complete
    return future.result()
           ~~~~~~~~~~~~~^^
  File "/home/ais04/thaqip/services/ingestion/src/thaqip_ingestion/awards_harvest.py", line 208, in main
    pool = await db.connect(os.environ["DATABASE_URL"])
           ^^^^^^^^^^^^^^^^^^^^^^^^^^^^^^^^^^^^^^^^^^^^
  File "/home/ais04/thaqip/services/ingestion/src/thaqip_ingestion/db.py", line 72, in connect
    return await asyncpg.create_pool(dsn, min_size=1, max_size=4)
           ^^^^^^^^^^^^^^^^^^^^^^^^^^^^^^^^^^^^^^^^^^^^^^^^^^^^^^
  File "/home/ais04/thaqip/services/ingestion/.venv/lib/python3.13/site-packages/asyncpg/pool.py", line 439, in _async__init__
    await self._initialize()
  File "/home/ais04/thaqip/services/ingestion/.venv/lib/python3.13/site-packages/asyncpg/pool.py", line 466, in _initialize
    await first_ch.connect()
  File "/home/ais04/thaqip/services/ingestion/.venv/lib/python3.13/site-packages/asyncpg/pool.py", line 153, in connect
    self._con = await self._pool._get_new_connection()
                ^^^^^^^^^^^^^^^^^^^^^^^^^^^^^^^^^^^^^^
  File "/home/ais04/thaqip/services/ingestion/.venv/lib/python3.13/site-packages/asyncpg/pool.py", line 538, in _get_new_connection
    con = await self._connect(
          ^^^^^^^^^^^^^^^^^^^^
    ...<5 lines>...
    )
    ^
  File "/home/ais04/thaqip/services/ingestion/.venv/lib/python3.13/site-packages/asyncpg/connection.py", line 2443, in connect
    return await connect_utils._connect(
           ^^^^^^^^^^^^^^^^^^^^^^^^^^^^^
    ...<22 lines>...
    )
    ^
  File "/home/ais04/thaqip/services/ingestion/.venv/lib/python3.13/site-packages/asyncpg/connect_utils.py", line 1249, in _connect
    raise last_error or exceptions.TargetServerAttributeNotMatched(
    ...<2 lines>...
    )
  File "/home/ais04/thaqip/services/ingestion/.venv/lib/python3.13/site-packages/asyncpg/connect_utils.py", line 1218, in _connect
    conn = await _connect_addr(
           ^^^^^^^^^^^^^^^^^^^^
    ...<6 lines>...
    )
    ^
  File "/home/ais04/thaqip/services/ingestion/.venv/lib/python3.13/site-packages/asyncpg/connect_utils.py", line 1054, in _connect_addr
    return await __connect_addr(params, True, *args)
           ^^^^^^^^^^^^^^^^^^^^^^^^^^^^^^^^^^^^^^^^^
  File "/home/ais04/thaqip/services/ingestion/.venv/lib/python3.13/site-packages/asyncpg/connect_utils.py", line 1099, in __connect_addr
    tr, pr = await connector
             ^^^^^^^^^^^^^^^
  File "/home/ais04/thaqip/services/ingestion/.venv/lib/python3.13/site-packages/asyncpg/connect_utils.py", line 969, in _create_ssl_connection
    tr, pr = await loop.create_connection(
             ^^^^^^^^^^^^^^^^^^^^^^^^^^^^^
    ...<2 lines>...
        host, port)
        ^^^^^^^^^^^
  File "/home/ais04/.local/share/uv/python/cpython-3.13.15-linux-x86_64-gnu/lib/python3.13/asyncio/base_events.py", line 1172, in create_connection
    raise exceptions[0]
  File "/home/ais04/.local/share/uv/python/cpython-3.13.15-linux-x86_64-gnu/lib/python3.13/asyncio/base_events.py", line 1147, in create_connection
    sock = await self._connect_sock(
           ^^^^^^^^^^^^^^^^^^^^^^^^^
        exceptions, addrinfo, laddr_infos)
        ^^^^^^^^^^^^^^^^^^^^^^^^^^^^^^^^^^
  File "/home/ais04/.local/share/uv/python/cpython-3.13.15-linux-x86_64-gnu/lib/python3.13/asyncio/base_events.py", line 1046, in _connect_sock
    await self.sock_connect(sock, address)
  File "/home/ais04/.local/share/uv/python/cpython-3.13.15-linux-x86_64-gnu/lib/python3.13/asyncio/selector_events.py", line 643, in sock_connect
    return await fut
           ^^^^^^^^^
  File "/home/ais04/.local/share/uv/python/cpython-3.13.15-linux-x86_64-gnu/lib/python3.13/asyncio/selector_events.py", line 683, in _sock_connect_cb
    raise OSError(err, f'Connect call failed {address}')
ConnectionRefusedError: [Errno 111] Connect call failed ('127.0.0.1', 5433)
2026-09-05T12:15:01+03:00 cron harvest session starting
Traceback (most recent call last):
  File "<frozen runpy>", line 203, in _run_module_as_main
  File "<frozen runpy>", line 88, in _run_code
  File "/home/ais04/thaqip/services/ingestion/src/thaqip_ingestion/awards_harvest.py", line 219, in <module>
    asyncio.run(main())
    ~~~~~~~~~~~^^^^^^^^
  File "/home/ais04/.local/share/uv/python/cpython-3.13.15-linux-x86_64-gnu/lib/python3.13/asyncio/runners.py", line 196, in run
    return runner.run(main)
           ~~~~~~~~~~^^^^^^
  File "/home/ais04/.local/share/uv/python/cpython-3.13.15-linux-x86_64-gnu/lib/python3.13/asyncio/runners.py", line 119, in run
    return self._loop.run_until_complete(task)
           ~~~~~~~~~~~~~~~~~~~~~~~~~~~~~^^^^^^
  File "/home/ais04/.local/share/uv/python/cpython-3.13.15-linux-x86_64-gnu/lib/python3.13/asyncio/base_events.py", line 726, in run_until_complete
    return future.result()
           ~~~~~~~~~~~~~^^
  File "/home/ais04/thaqip/services/ingestion/src/thaqip_ingestion/awards_harvest.py", line 208, in main
    pool = await db.connect(os.environ["DATABASE_URL"])
           ^^^^^^^^^^^^^^^^^^^^^^^^^^^^^^^^^^^^^^^^^^^^
  File "/home/ais04/thaqip/services/ingestion/src/thaqip_ingestion/db.py", line 72, in connect
    return await asyncpg.create_pool(dsn, min_size=1, max_size=4)
           ^^^^^^^^^^^^^^^^^^^^^^^^^^^^^^^^^^^^^^^^^^^^^^^^^^^^^^
  File "/home/ais04/thaqip/services/ingestion/.venv/lib/python3.13/site-packages/asyncpg/pool.py", line 439, in _async__init__
    await self._initialize()
  File "/home/ais04/thaqip/services/ingestion/.venv/lib/python3.13/site-packages/asyncpg/pool.py", line 466, in _initialize
    await first_ch.connect()
  File "/home/ais04/thaqip/services/ingestion/.venv/lib/python3.13/site-packages/asyncpg/pool.py", line 153, in connect
    self._con = await self._pool._get_new_connection()
                ^^^^^^^^^^^^^^^^^^^^^^^^^^^^^^^^^^^^^^
  File "/home/ais04/thaqip/services/ingestion/.venv/lib/python3.13/site-packages/asyncpg/pool.py", line 538, in _get_new_connection
    con = await self._connect(
          ^^^^^^^^^^^^^^^^^^^^
    ...<5 lines>...
    )
    ^
  File "/home/ais04/thaqip/services/ingestion/.venv/lib/python3.13/site-packages/asyncpg/connection.py", line 2443, in connect
    return await connect_utils._connect(
           ^^^^^^^^^^^^^^^^^^^^^^^^^^^^^
    ...<22 lines>...
    )
    ^
  File "/home/ais04/thaqip/services/ingestion/.venv/lib/python3.13/site-packages/asyncpg/connect_utils.py", line 1249, in _connect
    raise last_error or exceptions.TargetServerAttributeNotMatched(
    ...<2 lines>...
    )
  File "/home/ais04/thaqip/services/ingestion/.venv/lib/python3.13/site-packages/asyncpg/connect_utils.py", line 1218, in _connect
    conn = await _connect_addr(
           ^^^^^^^^^^^^^^^^^^^^
    ...<6 lines>...
    )
    ^
  File "/home/ais04/thaqip/services/ingestion/.venv/lib/python3.13/site-packages/asyncpg/connect_utils.py", line 1054, in _connect_addr
    return await __connect_addr(params, True, *args)
           ^^^^^^^^^^^^^^^^^^^^^^^^^^^^^^^^^^^^^^^^^
  File "/home/ais04/thaqip/services/ingestion/.venv/lib/python3.13/site-packages/asyncpg/connect_utils.py", line 1099, in __connect_addr
    tr, pr = await connector
             ^^^^^^^^^^^^^^^
  File "/home/ais04/thaqip/services/ingestion/.venv/lib/python3.13/site-packages/asyncpg/connect_utils.py", line 969, in _create_ssl_connection
    tr, pr = await loop.create_connection(
             ^^^^^^^^^^^^^^^^^^^^^^^^^^^^^
    ...<2 lines>...
        host, port)
        ^^^^^^^^^^^
  File "/home/ais04/.local/share/uv/python/cpython-3.13.15-linux-x86_64-gnu/lib/python3.13/asyncio/base_events.py", line 1172, in create_connection
    raise exceptions[0]
  File "/home/ais04/.local/share/uv/python/cpython-3.13.15-linux-x86_64-gnu/lib/python3.13/asyncio/base_events.py", line 1147, in create_connection
    sock = await self._connect_sock(
           ^^^^^^^^^^^^^^^^^^^^^^^^^
        exceptions, addrinfo, laddr_infos)
        ^^^^^^^^^^^^^^^^^^^^^^^^^^^^^^^^^^
  File "/home/ais04/.local/share/uv/python/cpython-3.13.15-linux-x86_64-gnu/lib/python3.13/asyncio/base_events.py", line 1046, in _connect_sock
    await self.sock_connect(sock, address)
  File "/home/ais04/.local/share/uv/python/cpython-3.13.15-linux-x86_64-gnu/lib/python3.13/asyncio/selector_events.py", line 643, in sock_connect
    return await fut
           ^^^^^^^^^
  File "/home/ais04/.local/share/uv/python/cpython-3.13.15-linux-x86_64-gnu/lib/python3.13/asyncio/selector_events.py", line 683, in _sock_connect_cb
    raise OSError(err, f'Connect call failed {address}')
ConnectionRefusedError: [Errno 111] Connect call failed ('127.0.0.1', 5433)
2026-09-05T18:15:01+03:00 cron harvest session starting
2026-09-05 18:15:02,377 thaqip.awards INFO awards harvest resuming at listing page 10
2026-09-05 18:15:03,173 httpx INFO HTTP Request: GET https://tenders.etimad.sa/Tender/AllSupplierTendersForVisitorAsync?PageSize=20&PageNumber=10&TenderCategory=6 "HTTP/1.1 400 Bad Request"
2026-09-05 18:15:03,174 thaqip_ingestion.etimad.client WARNING 400 (likely WAF cool-off); sleeping 90s (attempt 1)
2026-09-05 18:16:33,264 thaqip_ingestion.etimad.client WARNING etimad listing page=10 attempt=1 failed (waf cool-off); retrying in 1.5s
2026-09-05 18:16:35,131 httpx INFO HTTP Request: GET https://tenders.etimad.sa/Tender/AllSupplierTendersForVisitorAsync?PageSize=20&PageNumber=10&TenderCategory=6 "HTTP/1.1 400 Bad Request"
2026-09-05 18:16:35,136 thaqip_ingestion.etimad.client WARNING 400 (likely WAF cool-off); sleeping 180s (attempt 2)
2026-09-05 18:19:35,238 thaqip_ingestion.etimad.client WARNING etimad listing page=10 attempt=2 failed (waf cool-off); retrying in 2.5s
2026-09-05 18:19:37,982 httpx INFO HTTP Request: GET https://tenders.etimad.sa/Tender/AllSupplierTendersForVisitorAsync?PageSize=20&PageNumber=10&TenderCategory=6 "HTTP/1.1 400 Bad Request"
2026-09-05 18:19:37,983 thaqip_ingestion.etimad.client WARNING 400 (likely WAF cool-off); sleeping 270s (attempt 3)
2026-09-05 18:24:08,083 thaqip_ingestion.etimad.client WARNING etimad listing page=10 attempt=3 failed (waf cool-off); retrying in 5.4s
2026-09-05 18:24:14,010 httpx INFO HTTP Request: GET https://tenders.etimad.sa/Tender/AllSupplierTendersForVisitorAsync?PageSize=20&PageNumber=10&TenderCategory=6 "HTTP/1.1 400 Bad Request"
2026-09-05 18:24:14,011 thaqip_ingestion.etimad.client WARNING 400 (likely WAF cool-off); sleeping 360s (attempt 4)
2026-09-05 18:30:14,111 thaqip_ingestion.etimad.client WARNING etimad listing page=10 attempt=4 failed (waf cool-off); retrying in 11.4s
2026-09-05 18:30:26,057 httpx INFO HTTP Request: GET https://tenders.etimad.sa/Tender/AllSupplierTendersForVisitorAsync?PageSize=20&PageNumber=10&TenderCategory=6 "HTTP/1.1 400 Bad Request"
2026-09-05 18:30:26,058 thaqip_ingestion.etimad.client WARNING 400 (likely WAF cool-off); sleeping 450s (attempt 5)
2026-09-05 18:37:56,158 thaqip.resilience WARNING route /Tender/AllSupplierTendersForVisitorAsync recorded failure 1/4 (waf cool-off)
Traceback (most recent call last):
  File "<frozen runpy>", line 203, in _run_module_as_main
  File "<frozen runpy>", line 88, in _run_code
  File "/home/ais04/thaqip/services/ingestion/src/thaqip_ingestion/awards_harvest.py", line 219, in <module>
    asyncio.run(main())
    ~~~~~~~~~~~^^^^^^^^
  File "/home/ais04/.local/share/uv/python/cpython-3.13.15-linux-x86_64-gnu/lib/python3.13/asyncio/runners.py", line 196, in run
    return runner.run(main)
           ~~~~~~~~~~^^^^^^
  File "/home/ais04/.local/share/uv/python/cpython-3.13.15-linux-x86_64-gnu/lib/python3.13/asyncio/runners.py", line 119, in run
    return self._loop.run_until_complete(task)
           ~~~~~~~~~~~~~~~~~~~~~~~~~~~~~^^^^^^
  File "/home/ais04/.local/share/uv/python/cpython-3.13.15-linux-x86_64-gnu/lib/python3.13/asyncio/base_events.py", line 726, in run_until_complete
    return future.result()
           ~~~~~~~~~~~~~^^
  File "/home/ais04/thaqip/services/ingestion/src/thaqip_ingestion/awards_harvest.py", line 211, in main
    stats = await harvester.run(pages=args.pages, page_size=args.page_size)
            ^^^^^^^^^^^^^^^^^^^^^^^^^^^^^^^^^^^^^^^^^^^^^^^^^^^^^^^^^^^^^^^
  File "/home/ais04/thaqip/services/ingestion/src/thaqip_ingestion/awards_harvest.py", line 132, in run
    listing = await self._fetch_awarded_page(
              ^^^^^^^^^^^^^^^^^^^^^^^^^^^^^^^
        client, page, page_size, dict(AWARDED_CATEGORY_PARAM)
        ^^^^^^^^^^^^^^^^^^^^^^^^^^^^^^^^^^^^^^^^^^^^^^^^^^^^^
    )
    ^
  File "/home/ais04/thaqip/services/ingestion/src/thaqip_ingestion/awards_harvest.py", line 195, in _fetch_awarded_page
    listing = await client.fetch_listing_page(page, page_size, extra_params=extra)
              ^^^^^^^^^^^^^^^^^^^^^^^^^^^^^^^^^^^^^^^^^^^^^^^^^^^^^^^^^^^^^^^^^^^^
  File "/home/ais04/thaqip/services/ingestion/src/thaqip_ingestion/etimad/client.py", line 99, in fetch_listing_page
    raise httpx.HTTPStatusError("waf cool-off", request=resp.request, response=resp)
httpx.HTTPStatusError: waf cool-off
2026-09-06T06:15:01+03:00 cron harvest session starting
Traceback (most recent call last):
  File "<frozen runpy>", line 203, in _run_module_as_main
  File "<frozen runpy>", line 88, in _run_code
  File "/home/ais04/thaqip/services/ingestion/src/thaqip_ingestion/awards_harvest.py", line 219, in <module>
    asyncio.run(main())
    ~~~~~~~~~~~^^^^^^^^
  File "/home/ais04/.local/share/uv/python/cpython-3.13.15-linux-x86_64-gnu/lib/python3.13/asyncio/runners.py", line 196, in run
    return runner.run(main)
           ~~~~~~~~~~^^^^^^
  File "/home/ais04/.local/share/uv/python/cpython-3.13.15-linux-x86_64-gnu/lib/python3.13/asyncio/runners.py", line 119, in run
    return self._loop.run_until_complete(task)
           ~~~~~~~~~~~~~~~~~~~~~~~~~~~~~^^^^^^
  File "/home/ais04/.local/share/uv/python/cpython-3.13.15-linux-x86_64-gnu/lib/python3.13/asyncio/base_events.py", line 726, in run_until_complete
    return future.result()
           ~~~~~~~~~~~~~^^
  File "/home/ais04/thaqip/services/ingestion/src/thaqip_ingestion/awards_harvest.py", line 208, in main
    pool = await db.connect(os.environ["DATABASE_URL"])
           ^^^^^^^^^^^^^^^^^^^^^^^^^^^^^^^^^^^^^^^^^^^^
  File "/home/ais04/thaqip/services/ingestion/src/thaqip_ingestion/db.py", line 72, in connect
    return await asyncpg.create_pool(dsn, min_size=1, max_size=4)
           ^^^^^^^^^^^^^^^^^^^^^^^^^^^^^^^^^^^^^^^^^^^^^^^^^^^^^^
  File "/home/ais04/thaqip/services/ingestion/.venv/lib/python3.13/site-packages/asyncpg/pool.py", line 439, in _async__init__
    await self._initialize()
  File "/home/ais04/thaqip/services/ingestion/.venv/lib/python3.13/site-packages/asyncpg/pool.py", line 466, in _initialize
    await first_ch.connect()
  File "/home/ais04/thaqip/services/ingestion/.venv/lib/python3.13/site-packages/asyncpg/pool.py", line 153, in connect
    self._con = await self._pool._get_new_connection()
                ^^^^^^^^^^^^^^^^^^^^^^^^^^^^^^^^^^^^^^
  File "/home/ais04/thaqip/services/ingestion/.venv/lib/python3.13/site-packages/asyncpg/pool.py", line 538, in _get_new_connection
    con = await self._connect(
          ^^^^^^^^^^^^^^^^^^^^
    ...<5 lines>...
    )
    ^
  File "/home/ais04/thaqip/services/ingestion/.venv/lib/python3.13/site-packages/asyncpg/connection.py", line 2443, in connect
    return await connect_utils._connect(
           ^^^^^^^^^^^^^^^^^^^^^^^^^^^^^
    ...<22 lines>...
    )
    ^
  File "/home/ais04/thaqip/services/ingestion/.venv/lib/python3.13/site-packages/asyncpg/connect_utils.py", line 1249, in _connect
    raise last_error or exceptions.TargetServerAttributeNotMatched(
    ...<2 lines>...
    )
  File "/home/ais04/thaqip/services/ingestion/.venv/lib/python3.13/site-packages/asyncpg/connect_utils.py", line 1218, in _connect
    conn = await _connect_addr(
           ^^^^^^^^^^^^^^^^^^^^
    ...<6 lines>...
    )
    ^
  File "/home/ais04/thaqip/services/ingestion/.venv/lib/python3.13/site-packages/asyncpg/connect_utils.py", line 1054, in _connect_addr
    return await __connect_addr(params, True, *args)
           ^^^^^^^^^^^^^^^^^^^^^^^^^^^^^^^^^^^^^^^^^
  File "/home/ais04/thaqip/services/ingestion/.venv/lib/python3.13/site-packages/asyncpg/connect_utils.py", line 1099, in __connect_addr
    tr, pr = await connector
             ^^^^^^^^^^^^^^^
  File "/home/ais04/thaqip/services/ingestion/.venv/lib/python3.13/site-packages/asyncpg/connect_utils.py", line 969, in _create_ssl_connection
    tr, pr = await loop.create_connection(
             ^^^^^^^^^^^^^^^^^^^^^^^^^^^^^
    ...<2 lines>...
        host, port)
        ^^^^^^^^^^^
  File "/home/ais04/.local/share/uv/python/cpython-3.13.15-linux-x86_64-gnu/lib/python3.13/asyncio/base_events.py", line 1172, in create_connection
    raise exceptions[0]
  File "/home/ais04/.local/share/uv/python/cpython-3.13.15-linux-x86_64-gnu/lib/python3.13/asyncio/base_events.py", line 1147, in create_connection
    sock = await self._connect_sock(
           ^^^^^^^^^^^^^^^^^^^^^^^^^
        exceptions, addrinfo, laddr_infos)
        ^^^^^^^^^^^^^^^^^^^^^^^^^^^^^^^^^^
  File "/home/ais04/.local/share/uv/python/cpython-3.13.15-linux-x86_64-gnu/lib/python3.13/asyncio/base_events.py", line 1046, in _connect_sock
    await self.sock_connect(sock, address)
  File "/home/ais04/.local/share/uv/python/cpython-3.13.15-linux-x86_64-gnu/lib/python3.13/asyncio/selector_events.py", line 643, in sock_connect
    return await fut
           ^^^^^^^^^
  File "/home/ais04/.local/share/uv/python/cpython-3.13.15-linux-x86_64-gnu/lib/python3.13/asyncio/selector_events.py", line 683, in _sock_connect_cb
    raise OSError(err, f'Connect call failed {address}')
ConnectionRefusedError: [Errno 111] Connect call failed ('127.0.0.1', 5433)
2026-09-06T12:15:01+03:00 cron harvest session starting
Traceback (most recent call last):
  File "<frozen runpy>", line 203, in _run_module_as_main
  File "<frozen runpy>", line 88, in _run_code
  File "/home/ais04/thaqip/services/ingestion/src/thaqip_ingestion/awards_harvest.py", line 219, in <module>
    asyncio.run(main())
    ~~~~~~~~~~~^^^^^^^^
  File "/home/ais04/.local/share/uv/python/cpython-3.13.15-linux-x86_64-gnu/lib/python3.13/asyncio/runners.py", line 196, in run
    return runner.run(main)
           ~~~~~~~~~~^^^^^^
  File "/home/ais04/.local/share/uv/python/cpython-3.13.15-linux-x86_64-gnu/lib/python3.13/asyncio/runners.py", line 119, in run
    return self._loop.run_until_complete(task)
           ~~~~~~~~~~~~~~~~~~~~~~~~~~~~~^^^^^^
  File "/home/ais04/.local/share/uv/python/cpython-3.13.15-linux-x86_64-gnu/lib/python3.13/asyncio/base_events.py", line 726, in run_until_complete
    return future.result()
           ~~~~~~~~~~~~~^^
  File "/home/ais04/thaqip/services/ingestion/src/thaqip_ingestion/awards_harvest.py", line 208, in main
    pool = await db.connect(os.environ["DATABASE_URL"])
           ^^^^^^^^^^^^^^^^^^^^^^^^^^^^^^^^^^^^^^^^^^^^
  File "/home/ais04/thaqip/services/ingestion/src/thaqip_ingestion/db.py", line 72, in connect
    return await asyncpg.create_pool(dsn, min_size=1, max_size=4)
           ^^^^^^^^^^^^^^^^^^^^^^^^^^^^^^^^^^^^^^^^^^^^^^^^^^^^^^
  File "/home/ais04/thaqip/services/ingestion/.venv/lib/python3.13/site-packages/asyncpg/pool.py", line 439, in _async__init__
    await self._initialize()
  File "/home/ais04/thaqip/services/ingestion/.venv/lib/python3.13/site-packages/asyncpg/pool.py", line 466, in _initialize
    await first_ch.connect()
  File "/home/ais04/thaqip/services/ingestion/.venv/lib/python3.13/site-packages/asyncpg/pool.py", line 153, in connect
    self._con = await self._pool._get_new_connection()
                ^^^^^^^^^^^^^^^^^^^^^^^^^^^^^^^^^^^^^^
  File "/home/ais04/thaqip/services/ingestion/.venv/lib/python3.13/site-packages/asyncpg/pool.py", line 538, in _get_new_connection
    con = await self._connect(
          ^^^^^^^^^^^^^^^^^^^^
    ...<5 lines>...
    )
    ^
  File "/home/ais04/thaqip/services/ingestion/.venv/lib/python3.13/site-packages/asyncpg/connection.py", line 2443, in connect
    return await connect_utils._connect(
           ^^^^^^^^^^^^^^^^^^^^^^^^^^^^^
    ...<22 lines>...
    )
    ^
  File "/home/ais04/thaqip/services/ingestion/.venv/lib/python3.13/site-packages/asyncpg/connect_utils.py", line 1249, in _connect
    raise last_error or exceptions.TargetServerAttributeNotMatched(
    ...<2 lines>...
    )
  File "/home/ais04/thaqip/services/ingestion/.venv/lib/python3.13/site-packages/asyncpg/connect_utils.py", line 1218, in _connect
    conn = await _connect_addr(
           ^^^^^^^^^^^^^^^^^^^^
    ...<6 lines>...
    )
    ^
  File "/home/ais04/thaqip/services/ingestion/.venv/lib/python3.13/site-packages/asyncpg/connect_utils.py", line 1054, in _connect_addr
    return await __connect_addr(params, True, *args)
           ^^^^^^^^^^^^^^^^^^^^^^^^^^^^^^^^^^^^^^^^^
  File "/home/ais04/thaqip/services/ingestion/.venv/lib/python3.13/site-packages/asyncpg/connect_utils.py", line 1099, in __connect_addr
    tr, pr = await connector
             ^^^^^^^^^^^^^^^
  File "/home/ais04/thaqip/services/ingestion/.venv/lib/python3.13/site-packages/asyncpg/connect_utils.py", line 969, in _create_ssl_connection
    tr, pr = await loop.create_connection(
             ^^^^^^^^^^^^^^^^^^^^^^^^^^^^^
    ...<2 lines>...
        host, port)
        ^^^^^^^^^^^
  File "/home/ais04/.local/share/uv/python/cpython-3.13.15-linux-x86_64-gnu/lib/python3.13/asyncio/base_events.py", line 1172, in create_connection
    raise exceptions[0]
  File "/home/ais04/.local/share/uv/python/cpython-3.13.15-linux-x86_64-gnu/lib/python3.13/asyncio/base_events.py", line 1147, in create_connection
    sock = await self._connect_sock(
           ^^^^^^^^^^^^^^^^^^^^^^^^^
        exceptions, addrinfo, laddr_infos)
        ^^^^^^^^^^^^^^^^^^^^^^^^^^^^^^^^^^
  File "/home/ais04/.local/share/uv/python/cpython-3.13.15-linux-x86_64-gnu/lib/python3.13/asyncio/base_events.py", line 1046, in _connect_sock
    await self.sock_connect(sock, address)
  File "/home/ais04/.local/share/uv/python/cpython-3.13.15-linux-x86_64-gnu/lib/python3.13/asyncio/selector_events.py", line 643, in sock_connect
    return await fut
           ^^^^^^^^^
  File "/home/ais04/.local/share/uv/python/cpython-3.13.15-linux-x86_64-gnu/lib/python3.13/asyncio/selector_events.py", line 683, in _sock_connect_cb
    raise OSError(err, f'Connect call failed {address}')
ConnectionRefusedError: [Errno 111] Connect call failed ('127.0.0.1', 5433)
2026-09-06T18:15:01+03:00 cron harvest session starting
Traceback (most recent call last):
  File "<frozen runpy>", line 203, in _run_module_as_main
  File "<frozen runpy>", line 88, in _run_code
  File "/home/ais04/thaqip/services/ingestion/src/thaqip_ingestion/awards_harvest.py", line 219, in <module>
    asyncio.run(main())
    ~~~~~~~~~~~^^^^^^^^
  File "/home/ais04/.local/share/uv/python/cpython-3.13.15-linux-x86_64-gnu/lib/python3.13/asyncio/runners.py", line 196, in run
    return runner.run(main)
           ~~~~~~~~~~^^^^^^
  File "/home/ais04/.local/share/uv/python/cpython-3.13.15-linux-x86_64-gnu/lib/python3.13/asyncio/runners.py", line 119, in run
    return self._loop.run_until_complete(task)
           ~~~~~~~~~~~~~~~~~~~~~~~~~~~~~^^^^^^
  File "/home/ais04/.local/share/uv/python/cpython-3.13.15-linux-x86_64-gnu/lib/python3.13/asyncio/base_events.py", line 726, in run_until_complete
    return future.result()
           ~~~~~~~~~~~~~^^
  File "/home/ais04/thaqip/services/ingestion/src/thaqip_ingestion/awards_harvest.py", line 208, in main
    pool = await db.connect(os.environ["DATABASE_URL"])
           ^^^^^^^^^^^^^^^^^^^^^^^^^^^^^^^^^^^^^^^^^^^^
  File "/home/ais04/thaqip/services/ingestion/src/thaqip_ingestion/db.py", line 72, in connect
    return await asyncpg.create_pool(dsn, min_size=1, max_size=4)
           ^^^^^^^^^^^^^^^^^^^^^^^^^^^^^^^^^^^^^^^^^^^^^^^^^^^^^^
  File "/home/ais04/thaqip/services/ingestion/.venv/lib/python3.13/site-packages/asyncpg/pool.py", line 439, in _async__init__
    await self._initialize()
  File "/home/ais04/thaqip/services/ingestion/.venv/lib/python3.13/site-packages/asyncpg/pool.py", line 466, in _initialize
    await first_ch.connect()
  File "/home/ais04/thaqip/services/ingestion/.venv/lib/python3.13/site-packages/asyncpg/pool.py", line 153, in connect
    self._con = await self._pool._get_new_connection()
                ^^^^^^^^^^^^^^^^^^^^^^^^^^^^^^^^^^^^^^
  File "/home/ais04/thaqip/services/ingestion/.venv/lib/python3.13/site-packages/asyncpg/pool.py", line 538, in _get_new_connection
    con = await self._connect(
          ^^^^^^^^^^^^^^^^^^^^
    ...<5 lines>...
    )
    ^
  File "/home/ais04/thaqip/services/ingestion/.venv/lib/python3.13/site-packages/asyncpg/connection.py", line 2443, in connect
    return await connect_utils._connect(
           ^^^^^^^^^^^^^^^^^^^^^^^^^^^^^
    ...<22 lines>...
    )
    ^
  File "/home/ais04/thaqip/services/ingestion/.venv/lib/python3.13/site-packages/asyncpg/connect_utils.py", line 1249, in _connect
    raise last_error or exceptions.TargetServerAttributeNotMatched(
    ...<2 lines>...
    )
  File "/home/ais04/thaqip/services/ingestion/.venv/lib/python3.13/site-packages/asyncpg/connect_utils.py", line 1218, in _connect
    conn = await _connect_addr(
           ^^^^^^^^^^^^^^^^^^^^
    ...<6 lines>...
    )
    ^
  File "/home/ais04/thaqip/services/ingestion/.venv/lib/python3.13/site-packages/asyncpg/connect_utils.py", line 1054, in _connect_addr
    return await __connect_addr(params, True, *args)
           ^^^^^^^^^^^^^^^^^^^^^^^^^^^^^^^^^^^^^^^^^
  File "/home/ais04/thaqip/services/ingestion/.venv/lib/python3.13/site-packages/asyncpg/connect_utils.py", line 1099, in __connect_addr
    tr, pr = await connector
             ^^^^^^^^^^^^^^^
  File "/home/ais04/thaqip/services/ingestion/.venv/lib/python3.13/site-packages/asyncpg/connect_utils.py", line 969, in _create_ssl_connection
    tr, pr = await loop.create_connection(
             ^^^^^^^^^^^^^^^^^^^^^^^^^^^^^
    ...<2 lines>...
        host, port)
        ^^^^^^^^^^^
  File "/home/ais04/.local/share/uv/python/cpython-3.13.15-linux-x86_64-gnu/lib/python3.13/asyncio/base_events.py", line 1172, in create_connection
    raise exceptions[0]
  File "/home/ais04/.local/share/uv/python/cpython-3.13.15-linux-x86_64-gnu/lib/python3.13/asyncio/base_events.py", line 1147, in create_connection
    sock = await self._connect_sock(
           ^^^^^^^^^^^^^^^^^^^^^^^^^
        exceptions, addrinfo, laddr_infos)
        ^^^^^^^^^^^^^^^^^^^^^^^^^^^^^^^^^^
  File "/home/ais04/.local/share/uv/python/cpython-3.13.15-linux-x86_64-gnu/lib/python3.13/asyncio/base_events.py", line 1046, in _connect_sock
    await self.sock_connect(sock, address)
  File "/home/ais04/.local/share/uv/python/cpython-3.13.15-linux-x86_64-gnu/lib/python3.13/asyncio/selector_events.py", line 643, in sock_connect
    return await fut
           ^^^^^^^^^
  File "/home/ais04/.local/share/uv/python/cpython-3.13.15-linux-x86_64-gnu/lib/python3.13/asyncio/selector_events.py", line 683, in _sock_connect_cb
    raise OSError(err, f'Connect call failed {address}')
ConnectionRefusedError: [Errno 111] Connect call failed ('127.0.0.1', 5433)
2026-09-07T00:15:01+03:00 cron harvest session starting
Traceback (most recent call last):
  File "<frozen runpy>", line 203, in _run_module_as_main
  File "<frozen runpy>", line 88, in _run_code
  File "/home/ais04/thaqip/services/ingestion/src/thaqip_ingestion/awards_harvest.py", line 219, in <module>
    asyncio.run(main())
    ~~~~~~~~~~~^^^^^^^^
  File "/home/ais04/.local/share/uv/python/cpython-3.13.15-linux-x86_64-gnu/lib/python3.13/asyncio/runners.py", line 196, in run
    return runner.run(main)
           ~~~~~~~~~~^^^^^^
  File "/home/ais04/.local/share/uv/python/cpython-3.13.15-linux-x86_64-gnu/lib/python3.13/asyncio/runners.py", line 119, in run
    return self._loop.run_until_complete(task)
           ~~~~~~~~~~~~~~~~~~~~~~~~~~~~~^^^^^^
  File "/home/ais04/.local/share/uv/python/cpython-3.13.15-linux-x86_64-gnu/lib/python3.13/asyncio/base_events.py", line 726, in run_until_complete
    return future.result()
           ~~~~~~~~~~~~~^^
  File "/home/ais04/thaqip/services/ingestion/src/thaqip_ingestion/awards_harvest.py", line 208, in main
    pool = await db.connect(os.environ["DATABASE_URL"])
           ^^^^^^^^^^^^^^^^^^^^^^^^^^^^^^^^^^^^^^^^^^^^
  File "/home/ais04/thaqip/services/ingestion/src/thaqip_ingestion/db.py", line 72, in connect
    return await asyncpg.create_pool(dsn, min_size=1, max_size=4)
           ^^^^^^^^^^^^^^^^^^^^^^^^^^^^^^^^^^^^^^^^^^^^^^^^^^^^^^
  File "/home/ais04/thaqip/services/ingestion/.venv/lib/python3.13/site-packages/asyncpg/pool.py", line 439, in _async__init__
    await self._initialize()
  File "/home/ais04/thaqip/services/ingestion/.venv/lib/python3.13/site-packages/asyncpg/pool.py", line 466, in _initialize
    await first_ch.connect()
  File "/home/ais04/thaqip/services/ingestion/.venv/lib/python3.13/site-packages/asyncpg/pool.py", line 153, in connect
    self._con = await self._pool._get_new_connection()
                ^^^^^^^^^^^^^^^^^^^^^^^^^^^^^^^^^^^^^^
  File "/home/ais04/thaqip/services/ingestion/.venv/lib/python3.13/site-packages/asyncpg/pool.py", line 538, in _get_new_connection
    con = await self._connect(
          ^^^^^^^^^^^^^^^^^^^^
    ...<5 lines>...
    )
    ^
  File "/home/ais04/thaqip/services/ingestion/.venv/lib/python3.13/site-packages/asyncpg/connection.py", line 2443, in connect
    return await connect_utils._connect(
           ^^^^^^^^^^^^^^^^^^^^^^^^^^^^^
    ...<22 lines>...
    )
    ^
  File "/home/ais04/thaqip/services/ingestion/.venv/lib/python3.13/site-packages/asyncpg/connect_utils.py", line 1249, in _connect
    raise last_error or exceptions.TargetServerAttributeNotMatched(
    ...<2 lines>...
    )
  File "/home/ais04/thaqip/services/ingestion/.venv/lib/python3.13/site-packages/asyncpg/connect_utils.py", line 1218, in _connect
    conn = await _connect_addr(
           ^^^^^^^^^^^^^^^^^^^^
    ...<6 lines>...
    )
    ^
  File "/home/ais04/thaqip/services/ingestion/.venv/lib/python3.13/site-packages/asyncpg/connect_utils.py", line 1054, in _connect_addr
    return await __connect_addr(params, True, *args)
           ^^^^^^^^^^^^^^^^^^^^^^^^^^^^^^^^^^^^^^^^^
  File "/home/ais04/thaqip/services/ingestion/.venv/lib/python3.13/site-packages/asyncpg/connect_utils.py", line 1099, in __connect_addr
    tr, pr = await connector
             ^^^^^^^^^^^^^^^
  File "/home/ais04/thaqip/services/ingestion/.venv/lib/python3.13/site-packages/asyncpg/connect_utils.py", line 969, in _create_ssl_connection
    tr, pr = await loop.create_connection(
             ^^^^^^^^^^^^^^^^^^^^^^^^^^^^^
    ...<2 lines>...
        host, port)
        ^^^^^^^^^^^
  File "/home/ais04/.local/share/uv/python/cpython-3.13.15-linux-x86_64-gnu/lib/python3.13/asyncio/base_events.py", line 1172, in create_connection
    raise exceptions[0]
  File "/home/ais04/.local/share/uv/python/cpython-3.13.15-linux-x86_64-gnu/lib/python3.13/asyncio/base_events.py", line 1147, in create_connection
    sock = await self._connect_sock(
           ^^^^^^^^^^^^^^^^^^^^^^^^^
        exceptions, addrinfo, laddr_infos)
        ^^^^^^^^^^^^^^^^^^^^^^^^^^^^^^^^^^
  File "/home/ais04/.local/share/uv/python/cpython-3.13.15-linux-x86_64-gnu/lib/python3.13/asyncio/base_events.py", line 1046, in _connect_sock
    await self.sock_connect(sock, address)
  File "/home/ais04/.local/share/uv/python/cpython-3.13.15-linux-x86_64-gnu/lib/python3.13/asyncio/selector_events.py", line 643, in sock_connect
    return await fut
           ^^^^^^^^^
  File "/home/ais04/.local/share/uv/python/cpython-3.13.15-linux-x86_64-gnu/lib/python3.13/asyncio/selector_events.py", line 683, in _sock_connect_cb
    raise OSError(err, f'Connect call failed {address}')
ConnectionRefusedError: [Errno 111] Connect call failed ('127.0.0.1', 5433)
2026-09-07T06:15:01+03:00 cron harvest session starting
Traceback (most recent call last):
  File "<frozen runpy>", line 203, in _run_module_as_main
  File "<frozen runpy>", line 88, in _run_code
  File "/home/ais04/thaqip/services/ingestion/src/thaqip_ingestion/awards_harvest.py", line 219, in <module>
    asyncio.run(main())
    ~~~~~~~~~~~^^^^^^^^
  File "/home/ais04/.local/share/uv/python/cpython-3.13.15-linux-x86_64-gnu/lib/python3.13/asyncio/runners.py", line 196, in run
    return runner.run(main)
           ~~~~~~~~~~^^^^^^
  File "/home/ais04/.local/share/uv/python/cpython-3.13.15-linux-x86_64-gnu/lib/python3.13/asyncio/runners.py", line 119, in run
    return self._loop.run_until_complete(task)
           ~~~~~~~~~~~~~~~~~~~~~~~~~~~~~^^^^^^
  File "/home/ais04/.local/share/uv/python/cpython-3.13.15-linux-x86_64-gnu/lib/python3.13/asyncio/base_events.py", line 726, in run_until_complete
    return future.result()
           ~~~~~~~~~~~~~^^
  File "/home/ais04/thaqip/services/ingestion/src/thaqip_ingestion/awards_harvest.py", line 208, in main
    pool = await db.connect(os.environ["DATABASE_URL"])
           ^^^^^^^^^^^^^^^^^^^^^^^^^^^^^^^^^^^^^^^^^^^^
  File "/home/ais04/thaqip/services/ingestion/src/thaqip_ingestion/db.py", line 72, in connect
    return await asyncpg.create_pool(dsn, min_size=1, max_size=4)
           ^^^^^^^^^^^^^^^^^^^^^^^^^^^^^^^^^^^^^^^^^^^^^^^^^^^^^^
  File "/home/ais04/thaqip/services/ingestion/.venv/lib/python3.13/site-packages/asyncpg/pool.py", line 439, in _async__init__
    await self._initialize()
  File "/home/ais04/thaqip/services/ingestion/.venv/lib/python3.13/site-packages/asyncpg/pool.py", line 466, in _initialize
    await first_ch.connect()
  File "/home/ais04/thaqip/services/ingestion/.venv/lib/python3.13/site-packages/asyncpg/pool.py", line 153, in connect
    self._con = await self._pool._get_new_connection()
                ^^^^^^^^^^^^^^^^^^^^^^^^^^^^^^^^^^^^^^
  File "/home/ais04/thaqip/services/ingestion/.venv/lib/python3.13/site-packages/asyncpg/pool.py", line 538, in _get_new_connection
    con = await self._connect(
          ^^^^^^^^^^^^^^^^^^^^
    ...<5 lines>...
    )
    ^
  File "/home/ais04/thaqip/services/ingestion/.venv/lib/python3.13/site-packages/asyncpg/connection.py", line 2443, in connect
    return await connect_utils._connect(
           ^^^^^^^^^^^^^^^^^^^^^^^^^^^^^
    ...<22 lines>...
    )
    ^
  File "/home/ais04/thaqip/services/ingestion/.venv/lib/python3.13/site-packages/asyncpg/connect_utils.py", line 1249, in _connect
    raise last_error or exceptions.TargetServerAttributeNotMatched(
    ...<2 lines>...
    )
  File "/home/ais04/thaqip/services/ingestion/.venv/lib/python3.13/site-packages/asyncpg/connect_utils.py", line 1218, in _connect
    conn = await _connect_addr(
           ^^^^^^^^^^^^^^^^^^^^
    ...<6 lines>...
    )
    ^
  File "/home/ais04/thaqip/services/ingestion/.venv/lib/python3.13/site-packages/asyncpg/connect_utils.py", line 1054, in _connect_addr
    return await __connect_addr(params, True, *args)
           ^^^^^^^^^^^^^^^^^^^^^^^^^^^^^^^^^^^^^^^^^
  File "/home/ais04/thaqip/services/ingestion/.venv/lib/python3.13/site-packages/asyncpg/connect_utils.py", line 1099, in __connect_addr
    tr, pr = await connector
             ^^^^^^^^^^^^^^^
  File "/home/ais04/thaqip/services/ingestion/.venv/lib/python3.13/site-packages/asyncpg/connect_utils.py", line 969, in _create_ssl_connection
    tr, pr = await loop.create_connection(
             ^^^^^^^^^^^^^^^^^^^^^^^^^^^^^
    ...<2 lines>...
        host, port)
        ^^^^^^^^^^^
  File "/home/ais04/.local/share/uv/python/cpython-3.13.15-linux-x86_64-gnu/lib/python3.13/asyncio/base_events.py", line 1172, in create_connection
    raise exceptions[0]
  File "/home/ais04/.local/share/uv/python/cpython-3.13.15-linux-x86_64-gnu/lib/python3.13/asyncio/base_events.py", line 1147, in create_connection
    sock = await self._connect_sock(
           ^^^^^^^^^^^^^^^^^^^^^^^^^
        exceptions, addrinfo, laddr_infos)
        ^^^^^^^^^^^^^^^^^^^^^^^^^^^^^^^^^^
  File "/home/ais04/.local/share/uv/python/cpython-3.13.15-linux-x86_64-gnu/lib/python3.13/asyncio/base_events.py", line 1046, in _connect_sock
    await self.sock_connect(sock, address)
  File "/home/ais04/.local/share/uv/python/cpython-3.13.15-linux-x86_64-gnu/lib/python3.13/asyncio/selector_events.py", line 643, in sock_connect
    return await fut
           ^^^^^^^^^
  File "/home/ais04/.local/share/uv/python/cpython-3.13.15-linux-x86_64-gnu/lib/python3.13/asyncio/selector_events.py", line 683, in _sock_connect_cb
    raise OSError(err, f'Connect call failed {address}')
ConnectionRefusedError: [Errno 111] Connect call failed ('127.0.0.1', 5433)
2026-09-07T12:15:01+03:00 cron harvest session starting
2026-09-07 12:15:02,456 thaqip.awards INFO awards harvest resuming at listing page 10
2026-09-07 12:15:02,861 httpx INFO HTTP Request: GET https://tenders.etimad.sa/Tender/AllSupplierTendersForVisitorAsync?PageSize=20&PageNumber=10&TenderCategory=6 "HTTP/1.1 400 Bad Request"
2026-09-07 12:15:02,861 thaqip_ingestion.etimad.client WARNING 400 (likely WAF cool-off); sleeping 90s (attempt 1)
2026-09-07 12:16:32,951 thaqip_ingestion.etimad.client WARNING etimad listing page=10 attempt=1 failed (waf cool-off); retrying in 1.3s
2026-09-07 12:16:34,609 httpx INFO HTTP Request: GET https://tenders.etimad.sa/Tender/AllSupplierTendersForVisitorAsync?PageSize=20&PageNumber=10&TenderCategory=6 "HTTP/1.1 400 Bad Request"
2026-09-07 12:16:34,611 thaqip_ingestion.etimad.client WARNING 400 (likely WAF cool-off); sleeping 180s (attempt 2)
2026-09-07 12:19:34,711 thaqip_ingestion.etimad.client WARNING etimad listing page=10 attempt=2 failed (waf cool-off); retrying in 3.0s
2026-09-07 12:19:38,547 httpx INFO HTTP Request: GET https://tenders.etimad.sa/Tender/AllSupplierTendersForVisitorAsync?PageSize=20&PageNumber=10&TenderCategory=6 "HTTP/1.1 400 Bad Request"
2026-09-07 12:19:38,548 thaqip_ingestion.etimad.client WARNING 400 (likely WAF cool-off); sleeping 270s (attempt 3)
2026-09-07 12:24:08,649 thaqip_ingestion.etimad.client WARNING etimad listing page=10 attempt=3 failed (waf cool-off); retrying in 4.1s
2026-09-07 12:24:13,226 httpx INFO HTTP Request: GET https://tenders.etimad.sa/Tender/AllSupplierTendersForVisitorAsync?PageSize=20&PageNumber=10&TenderCategory=6 "HTTP/1.1 400 Bad Request"
2026-09-07 12:24:13,227 thaqip_ingestion.etimad.client WARNING 400 (likely WAF cool-off); sleeping 360s (attempt 4)
2026-09-07 12:30:13,327 thaqip_ingestion.etimad.client WARNING etimad listing page=10 attempt=4 failed (waf cool-off); retrying in 10.1s
2026-09-07 12:30:23,882 httpx INFO HTTP Request: GET https://tenders.etimad.sa/Tender/AllSupplierTendersForVisitorAsync?PageSize=20&PageNumber=10&TenderCategory=6 "HTTP/1.1 400 Bad Request"
2026-09-07 12:30:23,884 thaqip_ingestion.etimad.client WARNING 400 (likely WAF cool-off); sleeping 450s (attempt 5)
2026-09-07 12:37:53,984 thaqip.resilience WARNING route /Tender/AllSupplierTendersForVisitorAsync recorded failure 1/4 (waf cool-off)
Traceback (most recent call last):
  File "<frozen runpy>", line 203, in _run_module_as_main
  File "<frozen runpy>", line 88, in _run_code
  File "/home/ais04/thaqip/services/ingestion/src/thaqip_ingestion/awards_harvest.py", line 219, in <module>
    asyncio.run(main())
    ~~~~~~~~~~~^^^^^^^^
  File "/home/ais04/.local/share/uv/python/cpython-3.13.15-linux-x86_64-gnu/lib/python3.13/asyncio/runners.py", line 196, in run
    return runner.run(main)
           ~~~~~~~~~~^^^^^^
  File "/home/ais04/.local/share/uv/python/cpython-3.13.15-linux-x86_64-gnu/lib/python3.13/asyncio/runners.py", line 119, in run
    return self._loop.run_until_complete(task)
           ~~~~~~~~~~~~~~~~~~~~~~~~~~~~~^^^^^^
  File "/home/ais04/.local/share/uv/python/cpython-3.13.15-linux-x86_64-gnu/lib/python3.13/asyncio/base_events.py", line 726, in run_until_complete
    return future.result()
           ~~~~~~~~~~~~~^^
  File "/home/ais04/thaqip/services/ingestion/src/thaqip_ingestion/awards_harvest.py", line 211, in main
    stats = await harvester.run(pages=args.pages, page_size=args.page_size)
            ^^^^^^^^^^^^^^^^^^^^^^^^^^^^^^^^^^^^^^^^^^^^^^^^^^^^^^^^^^^^^^^
  File "/home/ais04/thaqip/services/ingestion/src/thaqip_ingestion/awards_harvest.py", line 132, in run
    listing = await self._fetch_awarded_page(
              ^^^^^^^^^^^^^^^^^^^^^^^^^^^^^^^
        client, page, page_size, dict(AWARDED_CATEGORY_PARAM)
        ^^^^^^^^^^^^^^^^^^^^^^^^^^^^^^^^^^^^^^^^^^^^^^^^^^^^^
    )
    ^
  File "/home/ais04/thaqip/services/ingestion/src/thaqip_ingestion/awards_harvest.py", line 195, in _fetch_awarded_page
    listing = await client.fetch_listing_page(page, page_size, extra_params=extra)
              ^^^^^^^^^^^^^^^^^^^^^^^^^^^^^^^^^^^^^^^^^^^^^^^^^^^^^^^^^^^^^^^^^^^^
  File "/home/ais04/thaqip/services/ingestion/src/thaqip_ingestion/etimad/client.py", line 99, in fetch_listing_page
    raise httpx.HTTPStatusError("waf cool-off", request=resp.request, response=resp)
httpx.HTTPStatusError: waf cool-off
2026-09-07T18:15:01+03:00 cron harvest session starting
2026-09-07 18:15:01,926 thaqip.awards INFO awards harvest resuming at listing page 10
2026-09-07 18:15:02,280 httpx INFO HTTP Request: GET https://tenders.etimad.sa/Tender/AllSupplierTendersForVisitorAsync?PageSize=20&PageNumber=10&TenderCategory=6 "HTTP/1.1 400 Bad Request"
2026-09-07 18:15:02,281 thaqip_ingestion.etimad.client WARNING 400 (likely WAF cool-off); sleeping 90s (attempt 1)
2026-09-07 18:16:32,370 thaqip_ingestion.etimad.client WARNING etimad listing page=10 attempt=1 failed (waf cool-off); retrying in 1.1s
2026-09-07 18:16:33,847 httpx INFO HTTP Request: GET https://tenders.etimad.sa/Tender/AllSupplierTendersForVisitorAsync?PageSize=20&PageNumber=10&TenderCategory=6 "HTTP/1.1 400 Bad Request"
2026-09-07 18:16:33,849 thaqip_ingestion.etimad.client WARNING 400 (likely WAF cool-off); sleeping 180s (attempt 2)
2026-09-07 18:19:33,949 thaqip_ingestion.etimad.client WARNING etimad listing page=10 attempt=2 failed (waf cool-off); retrying in 2.1s
2026-09-07 18:19:36,525 httpx INFO HTTP Request: GET https://tenders.etimad.sa/Tender/AllSupplierTendersForVisitorAsync?PageSize=20&PageNumber=10&TenderCategory=6 "HTTP/1.1 400 Bad Request"
2026-09-07 18:19:36,526 thaqip_ingestion.etimad.client WARNING 400 (likely WAF cool-off); sleeping 270s (attempt 3)
2026-09-07 18:24:06,627 thaqip_ingestion.etimad.client WARNING etimad listing page=10 attempt=3 failed (waf cool-off); retrying in 5.0s
2026-09-07 18:24:12,185 httpx INFO HTTP Request: GET https://tenders.etimad.sa/Tender/AllSupplierTendersForVisitorAsync?PageSize=20&PageNumber=10&TenderCategory=6 "HTTP/1.1 400 Bad Request"
2026-09-07 18:24:12,187 thaqip_ingestion.etimad.client WARNING 400 (likely WAF cool-off); sleeping 360s (attempt 4)
2026-09-07 18:30:12,287 thaqip_ingestion.etimad.client WARNING etimad listing page=10 attempt=4 failed (waf cool-off); retrying in 8.3s
2026-09-07 18:30:21,064 httpx INFO HTTP Request: GET https://tenders.etimad.sa/Tender/AllSupplierTendersForVisitorAsync?PageSize=20&PageNumber=10&TenderCategory=6 "HTTP/1.1 400 Bad Request"
2026-09-07 18:30:21,066 thaqip_ingestion.etimad.client WARNING 400 (likely WAF cool-off); sleeping 450s (attempt 5)
2026-09-07 18:37:51,165 thaqip.resilience WARNING route /Tender/AllSupplierTendersForVisitorAsync recorded failure 1/4 (waf cool-off)
Traceback (most recent call last):
  File "<frozen runpy>", line 203, in _run_module_as_main
  File "<frozen runpy>", line 88, in _run_code
  File "/home/ais04/thaqip/services/ingestion/src/thaqip_ingestion/awards_harvest.py", line 219, in <module>
    asyncio.run(main())
    ~~~~~~~~~~~^^^^^^^^
  File "/home/ais04/.local/share/uv/python/cpython-3.13.15-linux-x86_64-gnu/lib/python3.13/asyncio/runners.py", line 196, in run
    return runner.run(main)
           ~~~~~~~~~~^^^^^^
  File "/home/ais04/.local/share/uv/python/cpython-3.13.15-linux-x86_64-gnu/lib/python3.13/asyncio/runners.py", line 119, in run
    return self._loop.run_until_complete(task)
           ~~~~~~~~~~~~~~~~~~~~~~~~~~~~~^^^^^^
  File "/home/ais04/.local/share/uv/python/cpython-3.13.15-linux-x86_64-gnu/lib/python3.13/asyncio/base_events.py", line 726, in run_until_complete
    return future.result()
           ~~~~~~~~~~~~~^^
  File "/home/ais04/thaqip/services/ingestion/src/thaqip_ingestion/awards_harvest.py", line 211, in main
    stats = await harvester.run(pages=args.pages, page_size=args.page_size)
            ^^^^^^^^^^^^^^^^^^^^^^^^^^^^^^^^^^^^^^^^^^^^^^^^^^^^^^^^^^^^^^^
  File "/home/ais04/thaqip/services/ingestion/src/thaqip_ingestion/awards_harvest.py", line 132, in run
    listing = await self._fetch_awarded_page(
              ^^^^^^^^^^^^^^^^^^^^^^^^^^^^^^^
        client, page, page_size, dict(AWARDED_CATEGORY_PARAM)
        ^^^^^^^^^^^^^^^^^^^^^^^^^^^^^^^^^^^^^^^^^^^^^^^^^^^^^
    )
    ^
  File "/home/ais04/thaqip/services/ingestion/src/thaqip_ingestion/awards_harvest.py", line 195, in _fetch_awarded_page
    listing = await client.fetch_listing_page(page, page_size, extra_params=extra)
              ^^^^^^^^^^^^^^^^^^^^^^^^^^^^^^^^^^^^^^^^^^^^^^^^^^^^^^^^^^^^^^^^^^^^
  File "/home/ais04/thaqip/services/ingestion/src/thaqip_ingestion/etimad/client.py", line 99, in fetch_listing_page
    raise httpx.HTTPStatusError("waf cool-off", request=resp.request, response=resp)
httpx.HTTPStatusError: waf cool-off
2026-09-08T00:15:01+03:00 cron harvest session starting
2026-09-08 00:15:01,702 thaqip.awards INFO awards harvest resuming at listing page 10
2026-09-08 00:15:02,268 httpx INFO HTTP Request: GET https://tenders.etimad.sa/Tender/AllSupplierTendersForVisitorAsync?PageSize=20&PageNumber=10&TenderCategory=6 "HTTP/1.1 400 Bad Request"
2026-09-08 00:15:02,269 thaqip_ingestion.etimad.client WARNING 400 (likely WAF cool-off); sleeping 90s (attempt 1)
2026-09-08 00:16:32,359 thaqip_ingestion.etimad.client WARNING etimad listing page=10 attempt=1 failed (waf cool-off); retrying in 1.1s
2026-09-08 00:16:34,093 httpx INFO HTTP Request: GET https://tenders.etimad.sa/Tender/AllSupplierTendersForVisitorAsync?PageSize=20&PageNumber=10&TenderCategory=6 "HTTP/1.1 400 Bad Request"
2026-09-08 00:16:34,094 thaqip_ingestion.etimad.client WARNING 400 (likely WAF cool-off); sleeping 180s (attempt 2)
2026-09-08 00:19:34,193 thaqip_ingestion.etimad.client WARNING etimad listing page=10 attempt=2 failed (waf cool-off); retrying in 2.0s
2026-09-08 00:19:36,802 httpx INFO HTTP Request: GET https://tenders.etimad.sa/Tender/AllSupplierTendersForVisitorAsync?PageSize=20&PageNumber=10&TenderCategory=6 "HTTP/1.1 400 Bad Request"
2026-09-08 00:19:36,803 thaqip_ingestion.etimad.client WARNING 400 (likely WAF cool-off); sleeping 270s (attempt 3)
2026-09-08 00:24:06,903 thaqip_ingestion.etimad.client WARNING etimad listing page=10 attempt=3 failed (waf cool-off); retrying in 4.9s
2026-09-08 00:24:12,457 httpx INFO HTTP Request: GET https://tenders.etimad.sa/Tender/AllSupplierTendersForVisitorAsync?PageSize=20&PageNumber=10&TenderCategory=6 "HTTP/1.1 400 Bad Request"
2026-09-08 00:24:12,457 thaqip_ingestion.etimad.client WARNING 400 (likely WAF cool-off); sleeping 360s (attempt 4)
2026-09-08 00:30:12,557 thaqip_ingestion.etimad.client WARNING etimad listing page=10 attempt=4 failed (waf cool-off); retrying in 8.5s
2026-09-08 00:30:21,808 httpx INFO HTTP Request: GET https://tenders.etimad.sa/Tender/AllSupplierTendersForVisitorAsync?PageSize=20&PageNumber=10&TenderCategory=6 "HTTP/1.1 400 Bad Request"
2026-09-08 00:30:21,809 thaqip_ingestion.etimad.client WARNING 400 (likely WAF cool-off); sleeping 450s (attempt 5)
2026-09-08 00:37:51,909 thaqip.resilience WARNING route /Tender/AllSupplierTendersForVisitorAsync recorded failure 1/4 (waf cool-off)
Traceback (most recent call last):
  File "<frozen runpy>", line 203, in _run_module_as_main
  File "<frozen runpy>", line 88, in _run_code
  File "/home/ais04/thaqip/services/ingestion/src/thaqip_ingestion/awards_harvest.py", line 219, in <module>
    asyncio.run(main())
    ~~~~~~~~~~~^^^^^^^^
  File "/home/ais04/.local/share/uv/python/cpython-3.13.15-linux-x86_64-gnu/lib/python3.13/asyncio/runners.py", line 196, in run
    return runner.run(main)
           ~~~~~~~~~~^^^^^^
  File "/home/ais04/.local/share/uv/python/cpython-3.13.15-linux-x86_64-gnu/lib/python3.13/asyncio/runners.py", line 119, in run
    return self._loop.run_until_complete(task)
           ~~~~~~~~~~~~~~~~~~~~~~~~~~~~~^^^^^^
  File "/home/ais04/.local/share/uv/python/cpython-3.13.15-linux-x86_64-gnu/lib/python3.13/asyncio/base_events.py", line 726, in run_until_complete
    return future.result()
           ~~~~~~~~~~~~~^^
  File "/home/ais04/thaqip/services/ingestion/src/thaqip_ingestion/awards_harvest.py", line 211, in main
    stats = await harvester.run(pages=args.pages, page_size=args.page_size)
            ^^^^^^^^^^^^^^^^^^^^^^^^^^^^^^^^^^^^^^^^^^^^^^^^^^^^^^^^^^^^^^^
  File "/home/ais04/thaqip/services/ingestion/src/thaqip_ingestion/awards_harvest.py", line 132, in run
    listing = await self._fetch_awarded_page(
              ^^^^^^^^^^^^^^^^^^^^^^^^^^^^^^^
        client, page, page_size, dict(AWARDED_CATEGORY_PARAM)
        ^^^^^^^^^^^^^^^^^^^^^^^^^^^^^^^^^^^^^^^^^^^^^^^^^^^^^
    )
    ^
  File "/home/ais04/thaqip/services/ingestion/src/thaqip_ingestion/awards_harvest.py", line 195, in _fetch_awarded_page
    listing = await client.fetch_listing_page(page, page_size, extra_params=extra)
              ^^^^^^^^^^^^^^^^^^^^^^^^^^^^^^^^^^^^^^^^^^^^^^^^^^^^^^^^^^^^^^^^^^^^
  File "/home/ais04/thaqip/services/ingestion/src/thaqip_ingestion/etimad/client.py", line 99, in fetch_listing_page
    raise httpx.HTTPStatusError("waf cool-off", request=resp.request, response=resp)
httpx.HTTPStatusError: waf cool-off
2026-09-08T06:15:01+03:00 cron harvest session starting
2026-09-08 06:15:02,463 thaqip.awards INFO awards harvest resuming at listing page 10
2026-09-08 06:15:02,847 httpx INFO HTTP Request: GET https://tenders.etimad.sa/Tender/AllSupplierTendersForVisitorAsync?PageSize=20&PageNumber=10&TenderCategory=6 "HTTP/1.1 400 Bad Request"
2026-09-08 06:15:02,848 thaqip_ingestion.etimad.client WARNING 400 (likely WAF cool-off); sleeping 90s (attempt 1)
2026-09-08 06:16:32,938 thaqip_ingestion.etimad.client WARNING etimad listing page=10 attempt=1 failed (waf cool-off); retrying in 1.5s
2026-09-08 06:16:34,854 httpx INFO HTTP Request: GET https://tenders.etimad.sa/Tender/AllSupplierTendersForVisitorAsync?PageSize=20&PageNumber=10&TenderCategory=6 "HTTP/1.1 400 Bad Request"
2026-09-08 06:16:34,855 thaqip_ingestion.etimad.client WARNING 400 (likely WAF cool-off); sleeping 180s (attempt 2)
2026-09-08 06:19:34,955 thaqip_ingestion.etimad.client WARNING etimad listing page=10 attempt=2 failed (waf cool-off); retrying in 2.6s
2026-09-08 06:19:37,916 httpx INFO HTTP Request: GET https://tenders.etimad.sa/Tender/AllSupplierTendersForVisitorAsync?PageSize=20&PageNumber=10&TenderCategory=6 "HTTP/1.1 400 Bad Request"
2026-09-08 06:19:37,916 thaqip_ingestion.etimad.client WARNING 400 (likely WAF cool-off); sleeping 270s (attempt 3)
2026-09-08 06:24:08,017 thaqip_ingestion.etimad.client WARNING etimad listing page=10 attempt=3 failed (waf cool-off); retrying in 5.5s
2026-09-08 06:24:14,027 httpx INFO HTTP Request: GET https://tenders.etimad.sa/Tender/AllSupplierTendersForVisitorAsync?PageSize=20&PageNumber=10&TenderCategory=6 "HTTP/1.1 400 Bad Request"
2026-09-08 06:24:14,028 thaqip_ingestion.etimad.client WARNING 400 (likely WAF cool-off); sleeping 360s (attempt 4)
2026-09-08 06:30:14,128 thaqip_ingestion.etimad.client WARNING etimad listing page=10 attempt=4 failed (waf cool-off); retrying in 10.6s
2026-09-08 06:30:25,104 httpx INFO HTTP Request: GET https://tenders.etimad.sa/Tender/AllSupplierTendersForVisitorAsync?PageSize=20&PageNumber=10&TenderCategory=6 "HTTP/1.1 400 Bad Request"
2026-09-08 06:30:25,105 thaqip_ingestion.etimad.client WARNING 400 (likely WAF cool-off); sleeping 450s (attempt 5)
2026-09-08 06:37:55,205 thaqip.resilience WARNING route /Tender/AllSupplierTendersForVisitorAsync recorded failure 1/4 (waf cool-off)
Traceback (most recent call last):
  File "<frozen runpy>", line 203, in _run_module_as_main
  File "<frozen runpy>", line 88, in _run_code
  File "/home/ais04/thaqip/services/ingestion/src/thaqip_ingestion/awards_harvest.py", line 219, in <module>
    asyncio.run(main())
    ~~~~~~~~~~~^^^^^^^^
  File "/home/ais04/.local/share/uv/python/cpython-3.13.15-linux-x86_64-gnu/lib/python3.13/asyncio/runners.py", line 196, in run
    return runner.run(main)
           ~~~~~~~~~~^^^^^^
  File "/home/ais04/.local/share/uv/python/cpython-3.13.15-linux-x86_64-gnu/lib/python3.13/asyncio/runners.py", line 119, in run
    return self._loop.run_until_complete(task)
           ~~~~~~~~~~~~~~~~~~~~~~~~~~~~~^^^^^^
  File "/home/ais04/.local/share/uv/python/cpython-3.13.15-linux-x86_64-gnu/lib/python3.13/asyncio/base_events.py", line 726, in run_until_complete
    return future.result()
           ~~~~~~~~~~~~~^^
  File "/home/ais04/thaqip/services/ingestion/src/thaqip_ingestion/awards_harvest.py", line 211, in main
    stats = await harvester.run(pages=args.pages, page_size=args.page_size)
            ^^^^^^^^^^^^^^^^^^^^^^^^^^^^^^^^^^^^^^^^^^^^^^^^^^^^^^^^^^^^^^^
  File "/home/ais04/thaqip/services/ingestion/src/thaqip_ingestion/awards_harvest.py", line 132, in run
    listing = await self._fetch_awarded_page(
              ^^^^^^^^^^^^^^^^^^^^^^^^^^^^^^^
        client, page, page_size, dict(AWARDED_CATEGORY_PARAM)
        ^^^^^^^^^^^^^^^^^^^^^^^^^^^^^^^^^^^^^^^^^^^^^^^^^^^^^
    )
    ^
  File "/home/ais04/thaqip/services/ingestion/src/thaqip_ingestion/awards_harvest.py", line 195, in _fetch_awarded_page
    listing = await client.fetch_listing_page(page, page_size, extra_params=extra)
              ^^^^^^^^^^^^^^^^^^^^^^^^^^^^^^^^^^^^^^^^^^^^^^^^^^^^^^^^^^^^^^^^^^^^
  File "/home/ais04/thaqip/services/ingestion/src/thaqip_ingestion/etimad/client.py", line 99, in fetch_listing_page
    raise httpx.HTTPStatusError("waf cool-off", request=resp.request, response=resp)
httpx.HTTPStatusError: waf cool-off
2026-09-08T12:15:01+03:00 cron harvest session starting
Traceback (most recent call last):
  File "<frozen runpy>", line 203, in _run_module_as_main
  File "<frozen runpy>", line 88, in _run_code
  File "/home/ais04/thaqip/services/ingestion/src/thaqip_ingestion/awards_harvest.py", line 219, in <module>
    asyncio.run(main())
    ~~~~~~~~~~~^^^^^^^^
  File "/home/ais04/.local/share/uv/python/cpython-3.13.15-linux-x86_64-gnu/lib/python3.13/asyncio/runners.py", line 196, in run
    return runner.run(main)
           ~~~~~~~~~~^^^^^^
  File "/home/ais04/.local/share/uv/python/cpython-3.13.15-linux-x86_64-gnu/lib/python3.13/asyncio/runners.py", line 119, in run
    return self._loop.run_until_complete(task)
           ~~~~~~~~~~~~~~~~~~~~~~~~~~~~~^^^^^^
  File "/home/ais04/.local/share/uv/python/cpython-3.13.15-linux-x86_64-gnu/lib/python3.13/asyncio/base_events.py", line 726, in run_until_complete
    return future.result()
           ~~~~~~~~~~~~~^^
  File "/home/ais04/thaqip/services/ingestion/src/thaqip_ingestion/awards_harvest.py", line 208, in main
    pool = await db.connect(os.environ["DATABASE_URL"])
           ^^^^^^^^^^^^^^^^^^^^^^^^^^^^^^^^^^^^^^^^^^^^
  File "/home/ais04/thaqip/services/ingestion/src/thaqip_ingestion/db.py", line 72, in connect
    return await asyncpg.create_pool(dsn, min_size=1, max_size=4)
           ^^^^^^^^^^^^^^^^^^^^^^^^^^^^^^^^^^^^^^^^^^^^^^^^^^^^^^
  File "/home/ais04/thaqip/services/ingestion/.venv/lib/python3.13/site-packages/asyncpg/pool.py", line 439, in _async__init__
    await self._initialize()
  File "/home/ais04/thaqip/services/ingestion/.venv/lib/python3.13/site-packages/asyncpg/pool.py", line 466, in _initialize
    await first_ch.connect()
  File "/home/ais04/thaqip/services/ingestion/.venv/lib/python3.13/site-packages/asyncpg/pool.py", line 153, in connect
    self._con = await self._pool._get_new_connection()
                ^^^^^^^^^^^^^^^^^^^^^^^^^^^^^^^^^^^^^^
  File "/home/ais04/thaqip/services/ingestion/.venv/lib/python3.13/site-packages/asyncpg/pool.py", line 538, in _get_new_connection
    con = await self._connect(
          ^^^^^^^^^^^^^^^^^^^^
    ...<5 lines>...
    )
    ^
  File "/home/ais04/thaqip/services/ingestion/.venv/lib/python3.13/site-packages/asyncpg/connection.py", line 2443, in connect
    return await connect_utils._connect(
           ^^^^^^^^^^^^^^^^^^^^^^^^^^^^^
    ...<22 lines>...
    )
    ^
  File "/home/ais04/thaqip/services/ingestion/.venv/lib/python3.13/site-packages/asyncpg/connect_utils.py", line 1249, in _connect
    raise last_error or exceptions.TargetServerAttributeNotMatched(
    ...<2 lines>...
    )
  File "/home/ais04/thaqip/services/ingestion/.venv/lib/python3.13/site-packages/asyncpg/connect_utils.py", line 1218, in _connect
    conn = await _connect_addr(
           ^^^^^^^^^^^^^^^^^^^^
    ...<6 lines>...
    )
    ^
  File "/home/ais04/thaqip/services/ingestion/.venv/lib/python3.13/site-packages/asyncpg/connect_utils.py", line 1054, in _connect_addr
    return await __connect_addr(params, True, *args)
           ^^^^^^^^^^^^^^^^^^^^^^^^^^^^^^^^^^^^^^^^^
  File "/home/ais04/thaqip/services/ingestion/.venv/lib/python3.13/site-packages/asyncpg/connect_utils.py", line 1099, in __connect_addr
    tr, pr = await connector
             ^^^^^^^^^^^^^^^
  File "/home/ais04/thaqip/services/ingestion/.venv/lib/python3.13/site-packages/asyncpg/connect_utils.py", line 969, in _create_ssl_connection
    tr, pr = await loop.create_connection(
             ^^^^^^^^^^^^^^^^^^^^^^^^^^^^^
    ...<2 lines>...
        host, port)
        ^^^^^^^^^^^
  File "/home/ais04/.local/share/uv/python/cpython-3.13.15-linux-x86_64-gnu/lib/python3.13/asyncio/base_events.py", line 1172, in create_connection
    raise exceptions[0]
  File "/home/ais04/.local/share/uv/python/cpython-3.13.15-linux-x86_64-gnu/lib/python3.13/asyncio/base_events.py", line 1147, in create_connection
    sock = await self._connect_sock(
           ^^^^^^^^^^^^^^^^^^^^^^^^^
        exceptions, addrinfo, laddr_infos)
        ^^^^^^^^^^^^^^^^^^^^^^^^^^^^^^^^^^
  File "/home/ais04/.local/share/uv/python/cpython-3.13.15-linux-x86_64-gnu/lib/python3.13/asyncio/base_events.py", line 1046, in _connect_sock
    await self.sock_connect(sock, address)
  File "/home/ais04/.local/share/uv/python/cpython-3.13.15-linux-x86_64-gnu/lib/python3.13/asyncio/selector_events.py", line 643, in sock_connect
    return await fut
           ^^^^^^^^^
  File "/home/ais04/.local/share/uv/python/cpython-3.13.15-linux-x86_64-gnu/lib/python3.13/asyncio/selector_events.py", line 683, in _sock_connect_cb
    raise OSError(err, f'Connect call failed {address}')
ConnectionRefusedError: [Errno 111] Connect call failed ('127.0.0.1', 5433)
2026-09-08T18:15:01+03:00 cron harvest session starting
2026-09-08 18:15:02,180 thaqip.awards INFO awards harvest resuming at listing page 10
2026-09-08 18:15:02,867 httpx INFO HTTP Request: GET https://tenders.etimad.sa/Tender/AllSupplierTendersForVisitorAsync?PageSize=20&PageNumber=10&TenderCategory=6 "HTTP/1.1 400 Bad Request"
2026-09-08 18:15:02,868 thaqip_ingestion.etimad.client WARNING 400 (likely WAF cool-off); sleeping 90s (attempt 1)
2026-09-08 18:16:32,959 thaqip_ingestion.etimad.client WARNING etimad listing page=10 attempt=1 failed (waf cool-off); retrying in 1.4s
2026-09-08 18:16:34,944 httpx INFO HTTP Request: GET https://tenders.etimad.sa/Tender/AllSupplierTendersForVisitorAsync?PageSize=20&PageNumber=10&TenderCategory=6 "HTTP/1.1 400 Bad Request"
2026-09-08 18:16:34,945 thaqip_ingestion.etimad.client WARNING 400 (likely WAF cool-off); sleeping 180s (attempt 2)
2026-09-08 18:19:35,045 thaqip_ingestion.etimad.client WARNING etimad listing page=10 attempt=2 failed (waf cool-off); retrying in 2.9s
2026-09-08 18:19:38,429 httpx INFO HTTP Request: GET https://tenders.etimad.sa/Tender/AllSupplierTendersForVisitorAsync?PageSize=20&PageNumber=10&TenderCategory=6 "HTTP/1.1 400 Bad Request"
2026-09-08 18:19:38,431 thaqip_ingestion.etimad.client WARNING 400 (likely WAF cool-off); sleeping 270s (attempt 3)
2026-09-08 18:24:08,532 thaqip_ingestion.etimad.client WARNING etimad listing page=10 attempt=3 failed (waf cool-off); retrying in 4.8s
2026-09-08 18:24:13,752 httpx INFO HTTP Request: GET https://tenders.etimad.sa/Tender/AllSupplierTendersForVisitorAsync?PageSize=20&PageNumber=10&TenderCategory=6 "HTTP/1.1 400 Bad Request"
2026-09-08 18:24:13,753 thaqip_ingestion.etimad.client WARNING 400 (likely WAF cool-off); sleeping 360s (attempt 4)
2026-09-08 18:30:13,853 thaqip_ingestion.etimad.client WARNING etimad listing page=10 attempt=4 failed (waf cool-off); retrying in 9.2s
2026-09-08 18:30:23,726 httpx INFO HTTP Request: GET https://tenders.etimad.sa/Tender/AllSupplierTendersForVisitorAsync?PageSize=20&PageNumber=10&TenderCategory=6 "HTTP/1.1 400 Bad Request"
2026-09-08 18:30:23,727 thaqip_ingestion.etimad.client WARNING 400 (likely WAF cool-off); sleeping 450s (attempt 5)
2026-09-08 18:37:53,827 thaqip.resilience WARNING route /Tender/AllSupplierTendersForVisitorAsync recorded failure 1/4 (waf cool-off)
Traceback (most recent call last):
  File "<frozen runpy>", line 203, in _run_module_as_main
  File "<frozen runpy>", line 88, in _run_code
  File "/home/ais04/thaqip/services/ingestion/src/thaqip_ingestion/awards_harvest.py", line 219, in <module>
    asyncio.run(main())
    ~~~~~~~~~~~^^^^^^^^
  File "/home/ais04/.local/share/uv/python/cpython-3.13.15-linux-x86_64-gnu/lib/python3.13/asyncio/runners.py", line 196, in run
    return runner.run(main)
           ~~~~~~~~~~^^^^^^
  File "/home/ais04/.local/share/uv/python/cpython-3.13.15-linux-x86_64-gnu/lib/python3.13/asyncio/runners.py", line 119, in run
    return self._loop.run_until_complete(task)
           ~~~~~~~~~~~~~~~~~~~~~~~~~~~~~^^^^^^
  File "/home/ais04/.local/share/uv/python/cpython-3.13.15-linux-x86_64-gnu/lib/python3.13/asyncio/base_events.py", line 726, in run_until_complete
    return future.result()
           ~~~~~~~~~~~~~^^
  File "/home/ais04/thaqip/services/ingestion/src/thaqip_ingestion/awards_harvest.py", line 211, in main
    stats = await harvester.run(pages=args.pages, page_size=args.page_size)
            ^^^^^^^^^^^^^^^^^^^^^^^^^^^^^^^^^^^^^^^^^^^^^^^^^^^^^^^^^^^^^^^
  File "/home/ais04/thaqip/services/ingestion/src/thaqip_ingestion/awards_harvest.py", line 132, in run
    listing = await self._fetch_awarded_page(
              ^^^^^^^^^^^^^^^^^^^^^^^^^^^^^^^
        client, page, page_size, dict(AWARDED_CATEGORY_PARAM)
        ^^^^^^^^^^^^^^^^^^^^^^^^^^^^^^^^^^^^^^^^^^^^^^^^^^^^^
    )
    ^
  File "/home/ais04/thaqip/services/ingestion/src/thaqip_ingestion/awards_harvest.py", line 195, in _fetch_awarded_page
    listing = await client.fetch_listing_page(page, page_size, extra_params=extra)
              ^^^^^^^^^^^^^^^^^^^^^^^^^^^^^^^^^^^^^^^^^^^^^^^^^^^^^^^^^^^^^^^^^^^^
  File "/home/ais04/thaqip/services/ingestion/src/thaqip_ingestion/etimad/client.py", line 99, in fetch_listing_page
    raise httpx.HTTPStatusError("waf cool-off", request=resp.request, response=resp)
httpx.HTTPStatusError: waf cool-off
2026-09-09T00:15:01+03:00 cron harvest session starting
2026-09-09 00:15:01,651 thaqip.awards INFO awards harvest resuming at listing page 10
2026-09-09 00:15:02,241 httpx INFO HTTP Request: GET https://tenders.etimad.sa/Tender/AllSupplierTendersForVisitorAsync?PageSize=20&PageNumber=10&TenderCategory=6 "HTTP/1.1 400 Bad Request"
2026-09-09 00:15:02,242 thaqip_ingestion.etimad.client WARNING 400 (likely WAF cool-off); sleeping 90s (attempt 1)
2026-09-09 00:16:32,333 thaqip_ingestion.etimad.client WARNING etimad listing page=10 attempt=1 failed (waf cool-off); retrying in 1.4s
2026-09-09 00:16:34,106 httpx INFO HTTP Request: GET https://tenders.etimad.sa/Tender/AllSupplierTendersForVisitorAsync?PageSize=20&PageNumber=10&TenderCategory=6 "HTTP/1.1 400 Bad Request"
2026-09-09 00:16:34,106 thaqip_ingestion.etimad.client WARNING 400 (likely WAF cool-off); sleeping 180s (attempt 2)
2026-09-09 00:19:34,206 thaqip_ingestion.etimad.client WARNING etimad listing page=10 attempt=2 failed (waf cool-off); retrying in 2.7s
2026-09-09 00:19:37,320 httpx INFO HTTP Request: GET https://tenders.etimad.sa/Tender/AllSupplierTendersForVisitorAsync?PageSize=20&PageNumber=10&TenderCategory=6 "HTTP/1.1 400 Bad Request"
2026-09-09 00:19:37,320 thaqip_ingestion.etimad.client WARNING 400 (likely WAF cool-off); sleeping 270s (attempt 3)
2026-09-09 00:24:07,421 thaqip_ingestion.etimad.client WARNING etimad listing page=10 attempt=3 failed (waf cool-off); retrying in 5.0s
2026-09-09 00:24:12,844 httpx INFO HTTP Request: GET https://tenders.etimad.sa/Tender/AllSupplierTendersForVisitorAsync?PageSize=20&PageNumber=10&TenderCategory=6 "HTTP/1.1 400 Bad Request"
2026-09-09 00:24:12,846 thaqip_ingestion.etimad.client WARNING 400 (likely WAF cool-off); sleeping 360s (attempt 4)
2026-09-09 00:30:12,945 thaqip_ingestion.etimad.client WARNING etimad listing page=10 attempt=4 failed (waf cool-off); retrying in 10.3s
2026-09-09 00:30:23,725 httpx INFO HTTP Request: GET https://tenders.etimad.sa/Tender/AllSupplierTendersForVisitorAsync?PageSize=20&PageNumber=10&TenderCategory=6 "HTTP/1.1 400 Bad Request"
2026-09-09 00:30:23,727 thaqip_ingestion.etimad.client WARNING 400 (likely WAF cool-off); sleeping 450s (attempt 5)
2026-09-09 00:37:53,828 thaqip.resilience WARNING route /Tender/AllSupplierTendersForVisitorAsync recorded failure 1/4 (waf cool-off)
2026-09-09 00:37:53,828 thaqip.awards WARNING awards harvest paused by Etimad WAF cool-off; next schedule will retry
2026-09-09 00:37:53,888 thaqip.awards INFO harvest complete: {'pages': 0, 'tenders': 0, 'skipped': 0, 'announced': 0, 'offers': 0, 'awards': 0, 'events': 0, 'cooldown': True}
2026-09-09T06:15:01+03:00 cron harvest session starting
2026-09-09 06:15:01,955 thaqip.awards INFO awards harvest resuming at listing page 1
2026-09-09 06:15:03,120 httpx INFO HTTP Request: GET https://tenders.etimad.sa/Tender/AllSupplierTendersForVisitorAsync?PageSize=20&PageNumber=1&TenderCategory=6 "HTTP/1.1 200 OK"
2026-09-09 06:15:03,177 thaqip_ingestion.etimad.session INFO bootstrapping Etimad session via headless browser
2026-09-09 06:15:11,100 thaqip_ingestion.etimad.session INFO bootstrap complete: 14 cookies (10 TSPD)
2026-09-09 06:15:11,308 httpx INFO HTTP Request: GET https://tenders.etimad.sa/Tender/GetAwardingResultsForVisitorViewComponenet?tenderIdStr=ef9a9AFdJVYX+Q+Ytj2xag%3D%3D "HTTP/1.1 302 Found"
2026-09-09 06:15:14,408 httpx INFO HTTP Request: GET https://tenders.etimad.sa/Tender/GetAwardingResultsForVisitorViewComponenet?tenderIdStr=zagprJ7xJ+BaFvqZjkpcag%3D%3D "HTTP/1.1 302 Found"
2026-09-09 06:15:17,501 httpx INFO HTTP Request: GET https://tenders.etimad.sa/Tender/GetAwardingResultsForVisitorViewComponenet?tenderIdStr=%2A%40%40%2A%2AtVT4YuV8KxE%2A%40%40%2A%2Ai45evxlzg%3D%3D "HTTP/1.1 302 Found"
2026-09-09 06:15:20,590 httpx INFO HTTP Request: GET https://tenders.etimad.sa/Tender/GetAwardingResultsForVisitorViewComponenet?tenderIdStr=cMGYLYBKBSaN+ya+j%2A%40%40%2A%2ADPFw%3D%3D "HTTP/1.1 302 Found"
2026-09-09 06:15:23,768 httpx INFO HTTP Request: GET https://tenders.etimad.sa/Tender/GetAwardingResultsForVisitorViewComponenet?tenderIdStr=kCeYz+lnxDODMnPfWO40VA%3D%3D "HTTP/1.1 200 OK"
2026-09-09 06:15:26,988 httpx INFO HTTP Request: GET https://tenders.etimad.sa/Tender/GetAwardingResultsForVisitorViewComponenet?tenderIdStr=2oes+iCtqF51BHcPi1BsFA%3D%3D "HTTP/1.1 200 OK"
2026-09-09 06:15:30,096 httpx INFO HTTP Request: GET https://tenders.etimad.sa/Tender/GetAwardingResultsForVisitorViewComponenet?tenderIdStr=qfNbh%2A%40%40%2A%2ATMbUUyrQbNKy3mdw%3D%3D "HTTP/1.1 200 OK"
2026-09-09 06:15:33,422 httpx INFO HTTP Request: GET https://tenders.etimad.sa/Tender/GetAwardingResultsForVisitorViewComponenet?tenderIdStr=TOo3eYAL40KHVC5SgHXVAQ%3D%3D "HTTP/1.1 200 OK"
2026-09-09 06:15:36,634 httpx INFO HTTP Request: GET https://tenders.etimad.sa/Tender/GetAwardingResultsForVisitorViewComponenet?tenderIdStr=mrkGx4G42y+%2A%40%40%2A%2AGNLCzodqFA%3D%3D "HTTP/1.1 302 Found"
2026-09-09 06:15:39,823 httpx INFO HTTP Request: GET https://tenders.etimad.sa/Tender/GetAwardingResultsForVisitorViewComponenet?tenderIdStr=2yRkmqINijRqgfjDqoIajw%3D%3D "HTTP/1.1 200 OK"
2026-09-09 06:15:43,037 httpx INFO HTTP Request: GET https://tenders.etimad.sa/Tender/GetAwardingResultsForVisitorViewComponenet?tenderIdStr=bfKaMukKwIbNKr7115te3g%3D%3D "HTTP/1.1 429 Too Many Requests"
2026-09-09 06:15:43,038 thaqip.awards WARNING 429 on awarding component; sleeping 33s
2026-09-09 06:16:16,389 httpx INFO HTTP Request: GET https://tenders.etimad.sa/Tender/GetAwardingResultsForVisitorViewComponenet?tenderIdStr=bfKaMukKwIbNKr7115te3g%3D%3D "HTTP/1.1 200 OK"
2026-09-09 06:16:19,509 httpx INFO HTTP Request: GET https://tenders.etimad.sa/Tender/GetAwardingResultsForVisitorViewComponenet?tenderIdStr=ae%2A%40%40%2A%2AtMIMeakP4V6QHedkrzA%3D%3D "HTTP/1.1 200 OK"
2026-09-09 06:16:22,830 httpx INFO HTTP Request: GET https://tenders.etimad.sa/Tender/GetAwardingResultsForVisitorViewComponenet?tenderIdStr=cIJRO%2A%40%40%2A%2AcpgGul+gRmTJtETQ%3D%3D "HTTP/1.1 200 OK"
2026-09-09 06:16:26,009 httpx INFO HTTP Request: GET https://tenders.etimad.sa/Tender/GetAwardingResultsForVisitorViewComponenet?tenderIdStr=YncYXRmnSUb8%2A%40%40%2A%2Akz8epvpSA%3D%3D "HTTP/1.1 200 OK"
2026-09-09 06:16:29,197 httpx INFO HTTP Request: GET https://tenders.etimad.sa/Tender/GetAwardingResultsForVisitorViewComponenet?tenderIdStr=XbwpAmbGDs3hkKV%2A%40%40%2A%2AO7TO4w%3D%3D "HTTP/1.1 200 OK"
2026-09-09 06:16:32,477 httpx INFO HTTP Request: GET https://tenders.etimad.sa/Tender/GetAwardingResultsForVisitorViewComponenet?tenderIdStr=4i9Uh%2A%40%40%2A%2AzpiM+l5hPNt4SlMw%3D%3D "HTTP/1.1 200 OK"
2026-09-09 06:16:35,732 httpx INFO HTTP Request: GET https://tenders.etimad.sa/Tender/GetAwardingResultsForVisitorViewComponenet?tenderIdStr=0Rqm1jLF3d8et9MxyeKcKQ%3D%3D "HTTP/1.1 200 OK"
2026-09-09 06:16:38,986 httpx INFO HTTP Request: GET https://tenders.etimad.sa/Tender/GetAwardingResultsForVisitorViewComponenet?tenderIdStr=h+fliSolHZmp4tgoCUwsKA%3D%3D "HTTP/1.1 200 OK"
2026-09-09 06:16:42,144 httpx INFO HTTP Request: GET https://tenders.etimad.sa/Tender/GetAwardingResultsForVisitorViewComponenet?tenderIdStr=zt8X4SG60FR5WHAw3scHUA%3D%3D "HTTP/1.1 200 OK"
2026-09-09 06:16:45,420 httpx INFO HTTP Request: GET https://tenders.etimad.sa/Tender/GetAwardingResultsForVisitorViewComponenet?tenderIdStr=oAibyvqwQiBFMLF6ETM4yg%3D%3D "HTTP/1.1 200 OK"
2026-09-09 06:16:48,617 thaqip.awards INFO page 1 done: {'pages': 1, 'tenders': 20, 'skipped': 0, 'announced': 15, 'offers': 44, 'awards': 15, 'events': 15, 'cooldown': False}
2026-09-09 06:16:49,613 httpx INFO HTTP Request: GET https://tenders.etimad.sa/Tender/AllSupplierTendersForVisitorAsync?PageSize=20&PageNumber=2&TenderCategory=6 "HTTP/1.1 200 OK"
2026-09-09 06:16:49,635 httpx INFO HTTP Request: GET https://tenders.etimad.sa/Tender/GetAwardingResultsForVisitorViewComponenet?tenderIdStr=ef9a9AFdJVYX+Q+Ytj2xag%3D%3D "HTTP/1.1 429 Too Many Requests"
2026-09-09 06:16:49,636 thaqip.awards WARNING 429 on awarding component; sleeping 32s
2026-09-09 06:17:21,770 httpx INFO HTTP Request: GET https://tenders.etimad.sa/Tender/GetAwardingResultsForVisitorViewComponenet?tenderIdStr=ef9a9AFdJVYX+Q+Ytj2xag%3D%3D "HTTP/1.1 302 Found"
2026-09-09 06:17:24,860 httpx INFO HTTP Request: GET https://tenders.etimad.sa/Tender/GetAwardingResultsForVisitorViewComponenet?tenderIdStr=zagprJ7xJ+BaFvqZjkpcag%3D%3D "HTTP/1.1 302 Found"
2026-09-09 06:17:27,947 httpx INFO HTTP Request: GET https://tenders.etimad.sa/Tender/GetAwardingResultsForVisitorViewComponenet?tenderIdStr=%2A%40%40%2A%2AtVT4YuV8KxE%2A%40%40%2A%2Ai45evxlzg%3D%3D "HTTP/1.1 302 Found"
2026-09-09 06:17:31,054 httpx INFO HTTP Request: GET https://tenders.etimad.sa/Tender/GetAwardingResultsForVisitorViewComponenet?tenderIdStr=cMGYLYBKBSaN+ya+j%2A%40%40%2A%2ADPFw%3D%3D "HTTP/1.1 302 Found"
2026-09-09 06:17:34,144 httpx INFO HTTP Request: GET https://tenders.etimad.sa/Tender/GetAwardingResultsForVisitorViewComponenet?tenderIdStr=mrkGx4G42y+%2A%40%40%2A%2AGNLCzodqFA%3D%3D "HTTP/1.1 302 Found"
2026-09-09 06:17:37,315 httpx INFO HTTP Request: GET https://tenders.etimad.sa/Tender/GetAwardingResultsForVisitorViewComponenet?tenderIdStr=yTb5rcoYzag8EJeqC0GIJg%3D%3D "HTTP/1.1 200 OK"
2026-09-09 06:17:40,596 httpx INFO HTTP Request: GET https://tenders.etimad.sa/Tender/GetAwardingResultsForVisitorViewComponenet?tenderIdStr=OgmxhVEj2KSOrEj4MkjvXw%3D%3D "HTTP/1.1 200 OK"
2026-09-09 06:17:43,868 httpx INFO HTTP Request: GET https://tenders.etimad.sa/Tender/GetAwardingResultsForVisitorViewComponenet?tenderIdStr=DlXbynjgZ1dZulKO5PCovw%3D%3D "HTTP/1.1 200 OK"
2026-09-09 06:17:47,074 httpx INFO HTTP Request: GET https://tenders.etimad.sa/Tender/GetAwardingResultsForVisitorViewComponenet?tenderIdStr=2ZhGKctOE5rnQwYh4TXt9A%3D%3D "HTTP/1.1 200 OK"
2026-09-09 06:17:50,344 httpx INFO HTTP Request: GET https://tenders.etimad.sa/Tender/GetAwardingResultsForVisitorViewComponenet?tenderIdStr=t20Agkzu2PCp9hipIWzd0w%3D%3D "HTTP/1.1 200 OK"
2026-09-09 06:17:53,475 httpx INFO HTTP Request: GET https://tenders.etimad.sa/Tender/GetAwardingResultsForVisitorViewComponenet?tenderIdStr=bB6i9YQzLzuZkm79s04NtA%3D%3D "HTTP/1.1 429 Too Many Requests"
2026-09-09 06:17:53,476 thaqip.awards WARNING 429 on awarding component; sleeping 33s
2026-09-09 06:18:26,691 httpx INFO HTTP Request: GET https://tenders.etimad.sa/Tender/GetAwardingResultsForVisitorViewComponenet?tenderIdStr=bB6i9YQzLzuZkm79s04NtA%3D%3D "HTTP/1.1 200 OK"
2026-09-09 06:18:29,956 httpx INFO HTTP Request: GET https://tenders.etimad.sa/Tender/GetAwardingResultsForVisitorViewComponenet?tenderIdStr=9Ger+33z0yzj%2A%40%40%2A%2A7IgD0lIDA%3D%3D "HTTP/1.1 200 OK"
2026-09-09 06:18:33,151 httpx INFO HTTP Request: GET https://tenders.etimad.sa/Tender/GetAwardingResultsForVisitorViewComponenet?tenderIdStr=AV44iItVXFg13kg7pC8ZlA%3D%3D "HTTP/1.1 302 Found"
2026-09-09 06:18:36,310 httpx INFO HTTP Request: GET https://tenders.etimad.sa/Tender/GetAwardingResultsForVisitorViewComponenet?tenderIdStr=MJMJWRdei0QdxsoXDQr6+Q%3D%3D "HTTP/1.1 200 OK"
2026-09-09 06:18:39,491 httpx INFO HTTP Request: GET https://tenders.etimad.sa/Tender/GetAwardingResultsForVisitorViewComponenet?tenderIdStr=l1t56tUxvVRzizMz52GGhw%3D%3D "HTTP/1.1 200 OK"
2026-09-09 06:18:42,686 thaqip.awards INFO page 2 done: {'pages': 2, 'tenders': 40, 'skipped': 5, 'announced': 24, 'offers': 68, 'awards': 24, 'events': 24, 'cooldown': False}
2026-09-09 06:18:43,503 httpx INFO HTTP Request: GET https://tenders.etimad.sa/Tender/AllSupplierTendersForVisitorAsync?PageSize=20&PageNumber=3&TenderCategory=6 "HTTP/1.1 200 OK"
2026-09-09 06:18:43,567 httpx INFO HTTP Request: GET https://tenders.etimad.sa/Tender/GetAwardingResultsForVisitorViewComponenet?tenderIdStr=ef9a9AFdJVYX+Q+Ytj2xag%3D%3D "HTTP/1.1 302 Found"
2026-09-09 06:18:46,621 httpx INFO HTTP Request: GET https://tenders.etimad.sa/Tender/GetAwardingResultsForVisitorViewComponenet?tenderIdStr=zagprJ7xJ+BaFvqZjkpcag%3D%3D "HTTP/1.1 302 Found"
2026-09-09 06:18:49,721 httpx INFO HTTP Request: GET https://tenders.etimad.sa/Tender/GetAwardingResultsForVisitorViewComponenet?tenderIdStr=%2A%40%40%2A%2AtVT4YuV8KxE%2A%40%40%2A%2Ai45evxlzg%3D%3D "HTTP/1.1 302 Found"
2026-09-09 06:18:52,817 httpx INFO HTTP Request: GET https://tenders.etimad.sa/Tender/GetAwardingResultsForVisitorViewComponenet?tenderIdStr=cMGYLYBKBSaN+ya+j%2A%40%40%2A%2ADPFw%3D%3D "HTTP/1.1 302 Found"
2026-09-09 06:18:55,879 httpx INFO HTTP Request: GET https://tenders.etimad.sa/Tender/GetAwardingResultsForVisitorViewComponenet?tenderIdStr=mrkGx4G42y+%2A%40%40%2A%2AGNLCzodqFA%3D%3D "HTTP/1.1 302 Found"
2026-09-09 06:18:58,903 httpx INFO HTTP Request: GET https://tenders.etimad.sa/Tender/GetAwardingResultsForVisitorViewComponenet?tenderIdStr=AV44iItVXFg13kg7pC8ZlA%3D%3D "HTTP/1.1 429 Too Many Requests"
2026-09-09 06:18:58,904 thaqip.awards WARNING 429 on awarding component; sleeping 33s
2026-09-09 06:19:32,115 httpx INFO HTTP Request: GET https://tenders.etimad.sa/Tender/GetAwardingResultsForVisitorViewComponenet?tenderIdStr=AV44iItVXFg13kg7pC8ZlA%3D%3D "HTTP/1.1 302 Found"
2026-09-09 06:19:35,279 httpx INFO HTTP Request: GET https://tenders.etimad.sa/Tender/GetAwardingResultsForVisitorViewComponenet?tenderIdStr=QfT%2A%40%40%2A%2ATKdIfmjSGCRgKrPAvg%3D%3D "HTTP/1.1 302 Found"
2026-09-09 06:19:38,447 httpx INFO HTTP Request: GET https://tenders.etimad.sa/Tender/GetAwardingResultsForVisitorViewComponenet?tenderIdStr=pLiw0Q0glzYgbdaA9k16Ng%3D%3D "HTTP/1.1 200 OK"
2026-09-09 06:19:41,718 httpx INFO HTTP Request: GET https://tenders.etimad.sa/Tender/GetAwardingResultsForVisitorViewComponenet?tenderIdStr=zkZY6ruAhH%2A%40%40%2A%2AaDt39FAPZOw%3D%3D "HTTP/1.1 200 OK"
2026-09-09 06:19:44,956 httpx INFO HTTP Request: GET https://tenders.etimad.sa/Tender/GetAwardingResultsForVisitorViewComponenet?tenderIdStr=AKpDEm6YP9mxMqj5sESHFA%3D%3D "HTTP/1.1 200 OK"
2026-09-09 06:19:48,250 httpx INFO HTTP Request: GET https://tenders.etimad.sa/Tender/GetAwardingResultsForVisitorViewComponenet?tenderIdStr=6yC2JM4MpiWyPSPs+HHsOQ%3D%3D "HTTP/1.1 200 OK"
2026-09-09 06:19:51,386 httpx INFO HTTP Request: GET https://tenders.etimad.sa/Tender/GetAwardingResultsForVisitorViewComponenet?tenderIdStr=tmEMdMg3GNCLbo6sMA9sgw%3D%3D "HTTP/1.1 200 OK"
2026-09-09 06:19:54,537 httpx INFO HTTP Request: GET https://tenders.etimad.sa/Tender/GetAwardingResultsForVisitorViewComponenet?tenderIdStr=s+qRHpphxc4DKKhTMJolEQ%3D%3D "HTTP/1.1 200 OK"
2026-09-09 06:19:57,794 httpx INFO HTTP Request: GET https://tenders.etimad.sa/Tender/GetAwardingResultsForVisitorViewComponenet?tenderIdStr=86u8gOzhHXxx+cnreoV8rA%3D%3D "HTTP/1.1 200 OK"
2026-09-09 06:20:00,840 thaqip.awards INFO page 3 done: {'pages': 3, 'tenders': 60, 'skipped': 11, 'announced': 31, 'offers': 116, 'awards': 31, 'events': 31, 'cooldown': False}
2026-09-09 06:20:02,133 httpx INFO HTTP Request: GET https://tenders.etimad.sa/Tender/AllSupplierTendersForVisitorAsync?PageSize=20&PageNumber=4&TenderCategory=6 "HTTP/1.1 200 OK"
2026-09-09 06:20:02,224 httpx INFO HTTP Request: GET https://tenders.etimad.sa/Tender/GetAwardingResultsForVisitorViewComponenet?tenderIdStr=ef9a9AFdJVYX+Q+Ytj2xag%3D%3D "HTTP/1.1 302 Found"
2026-09-09 06:20:05,248 httpx INFO HTTP Request: GET https://tenders.etimad.sa/Tender/GetAwardingResultsForVisitorViewComponenet?tenderIdStr=zagprJ7xJ+BaFvqZjkpcag%3D%3D "HTTP/1.1 429 Too Many Requests"
2026-09-09 06:20:05,250 thaqip.awards WARNING 429 on awarding component; sleeping 32s
2026-09-09 06:20:37,441 httpx INFO HTTP Request: GET https://tenders.etimad.sa/Tender/GetAwardingResultsForVisitorViewComponenet?tenderIdStr=zagprJ7xJ+BaFvqZjkpcag%3D%3D "HTTP/1.1 302 Found"
2026-09-09 06:20:40,555 httpx INFO HTTP Request: GET https://tenders.etimad.sa/Tender/GetAwardingResultsForVisitorViewComponenet?tenderIdStr=%2A%40%40%2A%2AtVT4YuV8KxE%2A%40%40%2A%2Ai45evxlzg%3D%3D "HTTP/1.1 302 Found"
2026-09-09 06:20:43,662 httpx INFO HTTP Request: GET https://tenders.etimad.sa/Tender/GetAwardingResultsForVisitorViewComponenet?tenderIdStr=cMGYLYBKBSaN+ya+j%2A%40%40%2A%2ADPFw%3D%3D "HTTP/1.1 302 Found"
2026-09-09 06:20:46,756 httpx INFO HTTP Request: GET https://tenders.etimad.sa/Tender/GetAwardingResultsForVisitorViewComponenet?tenderIdStr=mrkGx4G42y+%2A%40%40%2A%2AGNLCzodqFA%3D%3D "HTTP/1.1 302 Found"
2026-09-09 06:20:49,847 httpx INFO HTTP Request: GET https://tenders.etimad.sa/Tender/GetAwardingResultsForVisitorViewComponenet?tenderIdStr=AV44iItVXFg13kg7pC8ZlA%3D%3D "HTTP/1.1 302 Found"
2026-09-09 06:20:52,953 httpx INFO HTTP Request: GET https://tenders.etimad.sa/Tender/GetAwardingResultsForVisitorViewComponenet?tenderIdStr=QfT%2A%40%40%2A%2ATKdIfmjSGCRgKrPAvg%3D%3D "HTTP/1.1 302 Found"
2026-09-09 06:20:56,083 httpx INFO HTTP Request: GET https://tenders.etimad.sa/Tender/GetAwardingResultsForVisitorViewComponenet?tenderIdStr=jZSW7ep4FdFG3A94X27FsA%3D%3D "HTTP/1.1 200 OK"
2026-09-09 06:20:59,170 thaqip.awards INFO page 4 done: {'pages': 4, 'tenders': 80, 'skipped': 23, 'announced': 32, 'offers': 120, 'awards': 32, 'events': 32, 'cooldown': False}
2026-09-09 06:21:00,179 httpx INFO HTTP Request: GET https://tenders.etimad.sa/Tender/AllSupplierTendersForVisitorAsync?PageSize=20&PageNumber=5&TenderCategory=6 "HTTP/1.1 200 OK"
2026-09-09 06:21:00,270 httpx INFO HTTP Request: GET https://tenders.etimad.sa/Tender/GetAwardingResultsForVisitorViewComponenet?tenderIdStr=ef9a9AFdJVYX+Q+Ytj2xag%3D%3D "HTTP/1.1 302 Found"
2026-09-09 06:21:03,358 httpx INFO HTTP Request: GET https://tenders.etimad.sa/Tender/GetAwardingResultsForVisitorViewComponenet?tenderIdStr=zagprJ7xJ+BaFvqZjkpcag%3D%3D "HTTP/1.1 302 Found"
2026-09-09 06:21:06,444 httpx INFO HTTP Request: GET https://tenders.etimad.sa/Tender/GetAwardingResultsForVisitorViewComponenet?tenderIdStr=%2A%40%40%2A%2AtVT4YuV8KxE%2A%40%40%2A%2Ai45evxlzg%3D%3D "HTTP/1.1 302 Found"
2026-09-09 06:21:09,465 httpx INFO HTTP Request: GET https://tenders.etimad.sa/Tender/GetAwardingResultsForVisitorViewComponenet?tenderIdStr=cMGYLYBKBSaN+ya+j%2A%40%40%2A%2ADPFw%3D%3D "HTTP/1.1 429 Too Many Requests"
2026-09-09 06:21:09,465 thaqip.awards WARNING 429 on awarding component; sleeping 33s
2026-09-09 06:21:42,604 httpx INFO HTTP Request: GET https://tenders.etimad.sa/Tender/GetAwardingResultsForVisitorViewComponenet?tenderIdStr=cMGYLYBKBSaN+ya+j%2A%40%40%2A%2ADPFw%3D%3D "HTTP/1.1 302 Found"
2026-09-09 06:21:45,668 httpx INFO HTTP Request: GET https://tenders.etimad.sa/Tender/GetAwardingResultsForVisitorViewComponenet?tenderIdStr=mrkGx4G42y+%2A%40%40%2A%2AGNLCzodqFA%3D%3D "HTTP/1.1 302 Found"
2026-09-09 06:21:48,724 httpx INFO HTTP Request: GET https://tenders.etimad.sa/Tender/GetAwardingResultsForVisitorViewComponenet?tenderIdStr=AV44iItVXFg13kg7pC8ZlA%3D%3D "HTTP/1.1 302 Found"
2026-09-09 06:21:51,789 httpx INFO HTTP Request: GET https://tenders.etimad.sa/Tender/GetAwardingResultsForVisitorViewComponenet?tenderIdStr=QfT%2A%40%40%2A%2ATKdIfmjSGCRgKrPAvg%3D%3D "HTTP/1.1 302 Found"
2026-09-09 06:21:54,859 httpx INFO HTTP Request: GET https://tenders.etimad.sa/Tender/GetAwardingResultsForVisitorViewComponenet?tenderIdStr=kfGNYjNGbtTXKThjpvMQXA%3D%3D "HTTP/1.1 302 Found"
2026-09-09 06:21:57,991 httpx INFO HTTP Request: GET https://tenders.etimad.sa/Tender/GetAwardingResultsForVisitorViewComponenet?tenderIdStr=7x5r9mGv63jpytdaoH2CXw%3D%3D "HTTP/1.1 200 OK"
2026-09-09 06:22:01,109 httpx INFO HTTP Request: GET https://tenders.etimad.sa/Tender/GetAwardingResultsForVisitorViewComponenet?tenderIdStr=fM83epoR22NEvN3MPhz6kg%3D%3D "HTTP/1.1 200 OK"
2026-09-09 06:22:04,279 httpx INFO HTTP Request: GET https://tenders.etimad.sa/Tender/GetAwardingResultsForVisitorViewComponenet?tenderIdStr=yIdmtJoafpUy1AUy1Nt5Ig%3D%3D "HTTP/1.1 200 OK"
2026-09-09 06:22:07,368 httpx INFO HTTP Request: GET https://tenders.etimad.sa/Tender/GetAwardingResultsForVisitorViewComponenet?tenderIdStr=2ePLnKWKKQ6aSOSKWrWdSw%3D%3D "HTTP/1.1 200 OK"
2026-09-09 06:22:10,489 httpx INFO HTTP Request: GET https://tenders.etimad.sa/Tender/GetAwardingResultsForVisitorViewComponenet?tenderIdStr=Rk5GnbvfeVkuRK8Jl4Wxhg%3D%3D "HTTP/1.1 200 OK"
2026-09-09 06:22:13,582 httpx INFO HTTP Request: GET https://tenders.etimad.sa/Tender/GetAwardingResultsForVisitorViewComponenet?tenderIdStr=EGTRuMD6l6l9VstNZhN+fw%3D%3D "HTTP/1.1 429 Too Many Requests"
2026-09-09 06:22:13,583 thaqip.awards WARNING 429 on awarding component; sleeping 34s
2026-09-09 06:22:47,900 httpx INFO HTTP Request: GET https://tenders.etimad.sa/Tender/GetAwardingResultsForVisitorViewComponenet?tenderIdStr=EGTRuMD6l6l9VstNZhN+fw%3D%3D "HTTP/1.1 200 OK"
2026-09-09 06:22:50,985 thaqip.awards INFO page 5 done: {'pages': 5, 'tenders': 100, 'skipped': 29, 'announced': 38, 'offers': 147, 'awards': 38, 'events': 38, 'cooldown': False}
2026-09-09 06:22:52,162 httpx INFO HTTP Request: GET https://tenders.etimad.sa/Tender/AllSupplierTendersForVisitorAsync?PageSize=20&PageNumber=6&TenderCategory=6 "HTTP/1.1 200 OK"
2026-09-09 06:22:52,228 httpx INFO HTTP Request: GET https://tenders.etimad.sa/Tender/GetAwardingResultsForVisitorViewComponenet?tenderIdStr=ef9a9AFdJVYX+Q+Ytj2xag%3D%3D "HTTP/1.1 302 Found"
2026-09-09 06:22:55,293 httpx INFO HTTP Request: GET https://tenders.etimad.sa/Tender/GetAwardingResultsForVisitorViewComponenet?tenderIdStr=zagprJ7xJ+BaFvqZjkpcag%3D%3D "HTTP/1.1 302 Found"
2026-09-09 06:22:58,388 httpx INFO HTTP Request: GET https://tenders.etimad.sa/Tender/GetAwardingResultsForVisitorViewComponenet?tenderIdStr=%2A%40%40%2A%2AtVT4YuV8KxE%2A%40%40%2A%2Ai45evxlzg%3D%3D "HTTP/1.1 302 Found"
2026-09-09 06:23:01,499 httpx INFO HTTP Request: GET https://tenders.etimad.sa/Tender/GetAwardingResultsForVisitorViewComponenet?tenderIdStr=cMGYLYBKBSaN+ya+j%2A%40%40%2A%2ADPFw%3D%3D "HTTP/1.1 302 Found"
2026-09-09 06:23:04,584 httpx INFO HTTP Request: GET https://tenders.etimad.sa/Tender/GetAwardingResultsForVisitorViewComponenet?tenderIdStr=mrkGx4G42y+%2A%40%40%2A%2AGNLCzodqFA%3D%3D "HTTP/1.1 302 Found"
2026-09-09 06:23:07,674 httpx INFO HTTP Request: GET https://tenders.etimad.sa/Tender/GetAwardingResultsForVisitorViewComponenet?tenderIdStr=AV44iItVXFg13kg7pC8ZlA%3D%3D "HTTP/1.1 302 Found"
2026-09-09 06:23:10,760 httpx INFO HTTP Request: GET https://tenders.etimad.sa/Tender/GetAwardingResultsForVisitorViewComponenet?tenderIdStr=QfT%2A%40%40%2A%2ATKdIfmjSGCRgKrPAvg%3D%3D "HTTP/1.1 302 Found"
2026-09-09 06:23:13,855 httpx INFO HTTP Request: GET https://tenders.etimad.sa/Tender/GetAwardingResultsForVisitorViewComponenet?tenderIdStr=kfGNYjNGbtTXKThjpvMQXA%3D%3D "HTTP/1.1 302 Found"
2026-09-09 06:23:16,942 httpx INFO HTTP Request: GET https://tenders.etimad.sa/Tender/GetAwardingResultsForVisitorViewComponenet?tenderIdStr=5+shIyx683tH%2A%40%40%2A%2ANsYx7%2A%40%40%2A%2ARDA%3D%3D "HTTP/1.1 302 Found"
2026-09-09 06:23:20,039 httpx INFO HTTP Request: GET https://tenders.etimad.sa/Tender/GetAwardingResultsForVisitorViewComponenet?tenderIdStr=yp1Eq3ZQ8FHaxsAamjslkQ%3D%3D "HTTP/1.1 429 Too Many Requests"
2026-09-09 06:23:20,040 thaqip.awards WARNING 429 on awarding component; sleeping 33s
2026-09-09 06:23:53,169 httpx INFO HTTP Request: GET https://tenders.etimad.sa/Tender/GetAwardingResultsForVisitorViewComponenet?tenderIdStr=yp1Eq3ZQ8FHaxsAamjslkQ%3D%3D "HTTP/1.1 200 OK"
2026-09-09 06:23:56,329 httpx INFO HTTP Request: GET https://tenders.etimad.sa/Tender/GetAwardingResultsForVisitorViewComponenet?tenderIdStr=bvQ5TOKnBfY%2A%40%40%2A%2ARix3KgXTKw%3D%3D "HTTP/1.1 200 OK"
2026-09-09 06:23:59,540 httpx INFO HTTP Request: GET https://tenders.etimad.sa/Tender/GetAwardingResultsForVisitorViewComponenet?tenderIdStr=CjsrbBx0lE5tMbkT0AqOhQ%3D%3D "HTTP/1.1 200 OK"
2026-09-09 06:24:02,695 httpx INFO HTTP Request: GET https://tenders.etimad.sa/Tender/GetAwardingResultsForVisitorViewComponenet?tenderIdStr=VDH7iaZvUh4jRADoUzW7Zw%3D%3D "HTTP/1.1 200 OK"
2026-09-09 06:24:05,857 httpx INFO HTTP Request: GET https://tenders.etimad.sa/Tender/GetAwardingResultsForVisitorViewComponenet?tenderIdStr=27C5fcF0w5N7u1J2mDwUAg%3D%3D "HTTP/1.1 200 OK"
2026-09-09 06:24:09,081 httpx INFO HTTP Request: GET https://tenders.etimad.sa/Tender/GetAwardingResultsForVisitorViewComponenet?tenderIdStr=yxdbTIDhSpv90LFl7Lo8XQ%3D%3D "HTTP/1.1 200 OK"
2026-09-09 06:24:12,250 httpx INFO HTTP Request: GET https://tenders.etimad.sa/Tender/GetAwardingResultsForVisitorViewComponenet?tenderIdStr=LT50rcHeVGyq+89ndULyUw%3D%3D "HTTP/1.1 200 OK"
2026-09-09 06:24:15,407 httpx INFO HTTP Request: GET https://tenders.etimad.sa/Tender/GetAwardingResultsForVisitorViewComponenet?tenderIdStr=YI5uMLQu2lrmE%2A%40%40%2A%2AFxH+j5ng%3D%3D "HTTP/1.1 200 OK"
2026-09-09 06:24:18,567 httpx INFO HTTP Request: GET https://tenders.etimad.sa/Tender/GetAwardingResultsForVisitorViewComponenet?tenderIdStr=%2A%40%40%2A%2ARoYGbgWUcU0BhhmC4cA%2A%40%40%2A%2Aw%3D%3D "HTTP/1.1 200 OK"
2026-09-09 06:24:21,585 thaqip.awards INFO page 6 done: {'pages': 6, 'tenders': 120, 'skipped': 31, 'announced': 47, 'offers': 191, 'awards': 47, 'events': 47, 'cooldown': False}
2026-09-09 06:24:22,372 httpx INFO HTTP Request: GET https://tenders.etimad.sa/Tender/AllSupplierTendersForVisitorAsync?PageSize=20&PageNumber=7&TenderCategory=6 "HTTP/1.1 200 OK"
2026-09-09 06:24:22,462 httpx INFO HTTP Request: GET https://tenders.etimad.sa/Tender/GetAwardingResultsForVisitorViewComponenet?tenderIdStr=ef9a9AFdJVYX+Q+Ytj2xag%3D%3D "HTTP/1.1 302 Found"
2026-09-09 06:24:25,487 httpx INFO HTTP Request: GET https://tenders.etimad.sa/Tender/GetAwardingResultsForVisitorViewComponenet?tenderIdStr=zagprJ7xJ+BaFvqZjkpcag%3D%3D "HTTP/1.1 429 Too Many Requests"
2026-09-09 06:24:25,488 thaqip.awards WARNING 429 on awarding component; sleeping 33s
2026-09-09 06:24:58,670 httpx INFO HTTP Request: GET https://tenders.etimad.sa/Tender/GetAwardingResultsForVisitorViewComponenet?tenderIdStr=zagprJ7xJ+BaFvqZjkpcag%3D%3D "HTTP/1.1 302 Found"
2026-09-09 06:25:01,772 httpx INFO HTTP Request: GET https://tenders.etimad.sa/Tender/GetAwardingResultsForVisitorViewComponenet?tenderIdStr=%2A%40%40%2A%2AtVT4YuV8KxE%2A%40%40%2A%2Ai45evxlzg%3D%3D "HTTP/1.1 302 Found"
2026-09-09 06:25:04,861 httpx INFO HTTP Request: GET https://tenders.etimad.sa/Tender/GetAwardingResultsForVisitorViewComponenet?tenderIdStr=cMGYLYBKBSaN+ya+j%2A%40%40%2A%2ADPFw%3D%3D "HTTP/1.1 302 Found"
2026-09-09 06:25:07,958 httpx INFO HTTP Request: GET https://tenders.etimad.sa/Tender/GetAwardingResultsForVisitorViewComponenet?tenderIdStr=mrkGx4G42y+%2A%40%40%2A%2AGNLCzodqFA%3D%3D "HTTP/1.1 302 Found"
2026-09-09 06:25:11,041 httpx INFO HTTP Request: GET https://tenders.etimad.sa/Tender/GetAwardingResultsForVisitorViewComponenet?tenderIdStr=AV44iItVXFg13kg7pC8ZlA%3D%3D "HTTP/1.1 302 Found"
2026-09-09 06:25:14,125 httpx INFO HTTP Request: GET https://tenders.etimad.sa/Tender/GetAwardingResultsForVisitorViewComponenet?tenderIdStr=QfT%2A%40%40%2A%2ATKdIfmjSGCRgKrPAvg%3D%3D "HTTP/1.1 302 Found"
2026-09-09 06:25:17,237 httpx INFO HTTP Request: GET https://tenders.etimad.sa/Tender/GetAwardingResultsForVisitorViewComponenet?tenderIdStr=kfGNYjNGbtTXKThjpvMQXA%3D%3D "HTTP/1.1 302 Found"
2026-09-09 06:25:20,335 httpx INFO HTTP Request: GET https://tenders.etimad.sa/Tender/GetAwardingResultsForVisitorViewComponenet?tenderIdStr=5+shIyx683tH%2A%40%40%2A%2ANsYx7%2A%40%40%2A%2ARDA%3D%3D "HTTP/1.1 302 Found"
2026-09-09 06:25:23,451 httpx INFO HTTP Request: GET https://tenders.etimad.sa/Tender/GetAwardingResultsForVisitorViewComponenet?tenderIdStr=uj7fQw3eEn7lpAAcNwb6fg%3D%3D "HTTP/1.1 200 OK"
2026-09-09 06:25:26,609 httpx INFO HTTP Request: GET https://tenders.etimad.sa/Tender/GetAwardingResultsForVisitorViewComponenet?tenderIdStr=tspX5pLrlWX9yHLRzwFhpA%3D%3D "HTTP/1.1 200 OK"
2026-09-09 06:25:29,751 httpx INFO HTTP Request: GET https://tenders.etimad.sa/Tender/GetAwardingResultsForVisitorViewComponenet?tenderIdStr=fschm7DBBizF8J5put3rvw%3D%3D "HTTP/1.1 429 Too Many Requests"
2026-09-09 06:25:29,753 thaqip.awards WARNING 429 on awarding component; sleeping 34s
2026-09-09 06:26:03,936 httpx INFO HTTP Request: GET https://tenders.etimad.sa/Tender/GetAwardingResultsForVisitorViewComponenet?tenderIdStr=fschm7DBBizF8J5put3rvw%3D%3D "HTTP/1.1 200 OK"
2026-09-09 06:26:07,122 httpx INFO HTTP Request: GET https://tenders.etimad.sa/Tender/GetAwardingResultsForVisitorViewComponenet?tenderIdStr=HjRbxONKK1aU9sE3oOKcwA%3D%3D "HTTP/1.1 200 OK"
2026-09-09 06:26:10,292 httpx INFO HTTP Request: GET https://tenders.etimad.sa/Tender/GetAwardingResultsForVisitorViewComponenet?tenderIdStr=mY1L8F%2A%40%40%2A%2AIugiaJ94uj1F3bA%3D%3D "HTTP/1.1 200 OK"
2026-09-09 06:26:13,380 httpx INFO HTTP Request: GET https://tenders.etimad.sa/Tender/GetAwardingResultsForVisitorViewComponenet?tenderIdStr=1I2+Zv3ktH7YQpYXdA5A1A%3D%3D "HTTP/1.1 200 OK"
2026-09-09 06:26:16,570 httpx INFO HTTP Request: GET https://tenders.etimad.sa/Tender/GetAwardingResultsForVisitorViewComponenet?tenderIdStr=2oPHbs1tHJio+AhZQO2QKg%3D%3D "HTTP/1.1 200 OK"
2026-09-09 06:26:19,639 httpx INFO HTTP Request: GET https://tenders.etimad.sa/Tender/GetAwardingResultsForVisitorViewComponenet?tenderIdStr=3r6yC3wtDJarOopnjuJaug%3D%3D "HTTP/1.1 200 OK"
2026-09-09 06:26:22,805 httpx INFO HTTP Request: GET https://tenders.etimad.sa/Tender/GetAwardingResultsForVisitorViewComponenet?tenderIdStr=Gz+KGOSSoly0YiKeL4ipIg%3D%3D "HTTP/1.1 200 OK"
2026-09-09 06:26:25,886 httpx INFO HTTP Request: GET https://tenders.etimad.sa/Tender/GetAwardingResultsForVisitorViewComponenet?tenderIdStr=KM%2A%40%40%2A%2A9UvxOdloi7QheybJoWA%3D%3D "HTTP/1.1 200 OK"
2026-09-09 06:26:28,991 httpx INFO HTTP Request: GET https://tenders.etimad.sa/Tender/GetAwardingResultsForVisitorViewComponenet?tenderIdStr=cwu77EeqsRIlLY+hlB0Sig%3D%3D "HTTP/1.1 200 OK"
2026-09-09 06:26:32,138 thaqip.awards INFO page 7 done: {'pages': 7, 'tenders': 140, 'skipped': 31, 'announced': 58, 'offers': 228, 'awards': 58, 'events': 58, 'cooldown': False}
2026-09-09 06:26:32,563 httpx INFO HTTP Request: GET https://tenders.etimad.sa/Tender/AllSupplierTendersForVisitorAsync?PageSize=20&PageNumber=8&TenderCategory=6 "HTTP/1.1 400 Bad Request"
2026-09-09 06:26:32,564 thaqip_ingestion.etimad.client WARNING 400 (likely WAF cool-off); sleeping 90s (attempt 1)
2026-09-09 06:28:02,576 thaqip_ingestion.etimad.client WARNING etimad listing page=8 attempt=1 failed (waf cool-off); retrying in 1.0s
2026-09-09 06:28:04,044 httpx INFO HTTP Request: GET https://tenders.etimad.sa/Tender/AllSupplierTendersForVisitorAsync?PageSize=20&PageNumber=8&TenderCategory=6 "HTTP/1.1 400 Bad Request"
2026-09-09 06:28:04,044 thaqip_ingestion.etimad.client WARNING 400 (likely WAF cool-off); sleeping 180s (attempt 2)
2026-09-09 06:31:04,045 thaqip_ingestion.etimad.client WARNING etimad listing page=8 attempt=2 failed (waf cool-off); retrying in 2.4s
2026-09-09 06:31:07,040 httpx INFO HTTP Request: GET https://tenders.etimad.sa/Tender/AllSupplierTendersForVisitorAsync?PageSize=20&PageNumber=8&TenderCategory=6 "HTTP/1.1 400 Bad Request"
2026-09-09 06:31:07,041 thaqip_ingestion.etimad.client WARNING 400 (likely WAF cool-off); sleeping 270s (attempt 3)
2026-09-09 06:35:37,142 thaqip_ingestion.etimad.client WARNING etimad listing page=8 attempt=3 failed (waf cool-off); retrying in 5.6s
2026-09-09 06:35:44,212 httpx INFO HTTP Request: GET https://tenders.etimad.sa/Tender/AllSupplierTendersForVisitorAsync?PageSize=20&PageNumber=8&TenderCategory=6 "HTTP/1.1 400 Bad Request"
2026-09-09 06:35:44,213 thaqip_ingestion.etimad.client WARNING 400 (likely WAF cool-off); sleeping 360s (attempt 4)
2026-09-09 06:41:44,313 thaqip_ingestion.etimad.client WARNING etimad listing page=8 attempt=4 failed (waf cool-off); retrying in 9.9s
2026-09-09 06:41:54,558 httpx INFO HTTP Request: GET https://tenders.etimad.sa/Tender/AllSupplierTendersForVisitorAsync?PageSize=20&PageNumber=8&TenderCategory=6 "HTTP/1.1 400 Bad Request"
2026-09-09 06:41:54,559 thaqip_ingestion.etimad.client WARNING 400 (likely WAF cool-off); sleeping 450s (attempt 5)
2026-09-09 06:49:24,658 thaqip.resilience WARNING route /Tender/AllSupplierTendersForVisitorAsync recorded failure 1/4 (waf cool-off)
2026-09-09 06:49:24,741 thaqip.awards WARNING awards harvest paused by Etimad WAF cool-off; next schedule will retry
2026-09-09 06:49:24,755 thaqip.awards INFO harvest complete: {'pages': 7, 'tenders': 140, 'skipped': 31, 'announced': 58, 'offers': 228, 'awards': 58, 'events': 58, 'cooldown': True}
2026-09-09T12:15:01+03:00 cron harvest session starting
2026-09-09 12:15:02,379 thaqip.awards INFO awards harvest resuming at listing page 1
2026-09-09 12:15:04,602 httpx INFO HTTP Request: GET https://tenders.etimad.sa/Tender/AllSupplierTendersForVisitorAsync?PageSize=20&PageNumber=1&TenderCategory=6 "HTTP/1.1 200 OK"
2026-09-09 12:15:04,669 thaqip_ingestion.etimad.session INFO bootstrapping Etimad session via headless browser
2026-09-09 12:15:12,688 thaqip_ingestion.etimad.session INFO bootstrap complete: 14 cookies (10 TSPD)
2026-09-09 12:15:13,078 httpx INFO HTTP Request: GET https://tenders.etimad.sa/Tender/GetAwardingResultsForVisitorViewComponenet?tenderIdStr=ef9a9AFdJVYX+Q+Ytj2xag%3D%3D "HTTP/1.1 302 Found"
2026-09-09 12:15:16,194 httpx INFO HTTP Request: GET https://tenders.etimad.sa/Tender/GetAwardingResultsForVisitorViewComponenet?tenderIdStr=zagprJ7xJ+BaFvqZjkpcag%3D%3D "HTTP/1.1 302 Found"
2026-09-09 12:15:19,254 httpx INFO HTTP Request: GET https://tenders.etimad.sa/Tender/GetAwardingResultsForVisitorViewComponenet?tenderIdStr=%2A%40%40%2A%2AtVT4YuV8KxE%2A%40%40%2A%2Ai45evxlzg%3D%3D "HTTP/1.1 302 Found"
2026-09-09 12:15:22,361 httpx INFO HTTP Request: GET https://tenders.etimad.sa/Tender/GetAwardingResultsForVisitorViewComponenet?tenderIdStr=cMGYLYBKBSaN+ya+j%2A%40%40%2A%2ADPFw%3D%3D "HTTP/1.1 302 Found"
2026-09-09 12:15:25,423 httpx INFO HTTP Request: GET https://tenders.etimad.sa/Tender/GetAwardingResultsForVisitorViewComponenet?tenderIdStr=rkO2mv74YBGGGSDz6ZY4mA%3D%3D "HTTP/1.1 200 OK"
2026-09-09 12:15:28,633 httpx INFO HTTP Request: GET https://tenders.etimad.sa/Tender/GetAwardingResultsForVisitorViewComponenet?tenderIdStr=mrkGx4G42y+%2A%40%40%2A%2AGNLCzodqFA%3D%3D "HTTP/1.1 302 Found"
2026-09-09 12:15:31,794 httpx INFO HTTP Request: GET https://tenders.etimad.sa/Tender/GetAwardingResultsForVisitorViewComponenet?tenderIdStr=ZDW2W4sl7VYpTHCL1y1R9Q%3D%3D "HTTP/1.1 200 OK"
2026-09-09 12:15:34,833 thaqip.awards INFO page 1 done: {'pages': 1, 'tenders': 20, 'skipped': 13, 'announced': 2, 'offers': 10, 'awards': 2, 'events': 2, 'cooldown': False}
2026-09-09 12:15:42,990 httpx INFO HTTP Request: GET https://tenders.etimad.sa/Tender/AllSupplierTendersForVisitorAsync?PageSize=20&PageNumber=2&TenderCategory=6 "HTTP/1.1 200 OK"
2026-09-09 12:15:43,176 httpx INFO HTTP Request: GET https://tenders.etimad.sa/Tender/GetAwardingResultsForVisitorViewComponenet?tenderIdStr=ef9a9AFdJVYX+Q+Ytj2xag%3D%3D "HTTP/1.1 302 Found"
2026-09-09 12:15:46,333 httpx INFO HTTP Request: GET https://tenders.etimad.sa/Tender/GetAwardingResultsForVisitorViewComponenet?tenderIdStr=zagprJ7xJ+BaFvqZjkpcag%3D%3D "HTTP/1.1 302 Found"
2026-09-09 12:15:49,493 httpx INFO HTTP Request: GET https://tenders.etimad.sa/Tender/GetAwardingResultsForVisitorViewComponenet?tenderIdStr=%2A%40%40%2A%2AtVT4YuV8KxE%2A%40%40%2A%2Ai45evxlzg%3D%3D "HTTP/1.1 302 Found"
2026-09-09 12:15:52,519 httpx INFO HTTP Request: GET https://tenders.etimad.sa/Tender/GetAwardingResultsForVisitorViewComponenet?tenderIdStr=cMGYLYBKBSaN+ya+j%2A%40%40%2A%2ADPFw%3D%3D "HTTP/1.1 429 Too Many Requests"
2026-09-09 12:15:52,520 thaqip.awards WARNING 429 on awarding component; sleeping 25s
2026-09-09 12:16:17,891 httpx INFO HTTP Request: GET https://tenders.etimad.sa/Tender/GetAwardingResultsForVisitorViewComponenet?tenderIdStr=cMGYLYBKBSaN+ya+j%2A%40%40%2A%2ADPFw%3D%3D "HTTP/1.1 302 Found"
2026-09-09 12:16:21,000 httpx INFO HTTP Request: GET https://tenders.etimad.sa/Tender/GetAwardingResultsForVisitorViewComponenet?tenderIdStr=mrkGx4G42y+%2A%40%40%2A%2AGNLCzodqFA%3D%3D "HTTP/1.1 302 Found"
2026-09-09 12:16:24,176 httpx INFO HTTP Request: GET https://tenders.etimad.sa/Tender/GetAwardingResultsForVisitorViewComponenet?tenderIdStr=uZhKb1by3DixYtsaukifbQ%3D%3D "HTTP/1.1 200 OK"
2026-09-09 12:16:27,369 httpx INFO HTTP Request: GET https://tenders.etimad.sa/Tender/GetAwardingResultsForVisitorViewComponenet?tenderIdStr=iIebzRSDD%2A%40%40%2A%2AQEZHEM3xnOlg%3D%3D "HTTP/1.1 200 OK"
2026-09-09 12:16:30,530 httpx INFO HTTP Request: GET https://tenders.etimad.sa/Tender/GetAwardingResultsForVisitorViewComponenet?tenderIdStr=cXU7WVqpKRDohlz73EMv1A%3D%3D "HTTP/1.1 200 OK"
2026-09-09 12:16:33,764 httpx INFO HTTP Request: GET https://tenders.etimad.sa/Tender/GetAwardingResultsForVisitorViewComponenet?tenderIdStr=WR2SqmlaM3zCWNg6TOw9Ug%3D%3D "HTTP/1.1 200 OK"
2026-09-09 12:16:36,962 httpx INFO HTTP Request: GET https://tenders.etimad.sa/Tender/GetAwardingResultsForVisitorViewComponenet?tenderIdStr=1qQXifJcb+axLgpmBIDg9Q%3D%3D "HTTP/1.1 200 OK"
2026-09-09 12:16:40,118 httpx INFO HTTP Request: GET https://tenders.etimad.sa/Tender/GetAwardingResultsForVisitorViewComponenet?tenderIdStr=5iwW5GmiMP%2A%40%40%2A%2Apn3uHkcIu3A%3D%3D "HTTP/1.1 200 OK"
2026-09-09 12:16:43,151 thaqip.awards INFO page 2 done: {'pages': 2, 'tenders': 40, 'skipped': 22, 'announced': 8, 'offers': 29, 'awards': 8, 'events': 8, 'cooldown': False}
2026-09-09 12:16:44,427 httpx INFO HTTP Request: GET https://tenders.etimad.sa/Tender/AllSupplierTendersForVisitorAsync?PageSize=20&PageNumber=3&TenderCategory=6 "HTTP/1.1 200 OK"
2026-09-09 12:16:44,544 httpx INFO HTTP Request: GET https://tenders.etimad.sa/Tender/GetAwardingResultsForVisitorViewComponenet?tenderIdStr=ef9a9AFdJVYX+Q+Ytj2xag%3D%3D "HTTP/1.1 302 Found"
2026-09-09 12:16:47,737 httpx INFO HTTP Request: GET https://tenders.etimad.sa/Tender/GetAwardingResultsForVisitorViewComponenet?tenderIdStr=zagprJ7xJ+BaFvqZjkpcag%3D%3D "HTTP/1.1 302 Found"
2026-09-09 12:16:50,758 httpx INFO HTTP Request: GET https://tenders.etimad.sa/Tender/GetAwardingResultsForVisitorViewComponenet?tenderIdStr=%2A%40%40%2A%2AtVT4YuV8KxE%2A%40%40%2A%2Ai45evxlzg%3D%3D "HTTP/1.1 429 Too Many Requests"
2026-09-09 12:16:50,759 thaqip.awards WARNING 429 on awarding component; sleeping 32s
2026-09-09 12:17:23,127 httpx INFO HTTP Request: GET https://tenders.etimad.sa/Tender/GetAwardingResultsForVisitorViewComponenet?tenderIdStr=%2A%40%40%2A%2AtVT4YuV8KxE%2A%40%40%2A%2Ai45evxlzg%3D%3D "HTTP/1.1 302 Found"
2026-09-09 12:17:26,238 httpx INFO HTTP Request: GET https://tenders.etimad.sa/Tender/GetAwardingResultsForVisitorViewComponenet?tenderIdStr=cMGYLYBKBSaN+ya+j%2A%40%40%2A%2ADPFw%3D%3D "HTTP/1.1 302 Found"
2026-09-09 12:17:29,356 httpx INFO HTTP Request: GET https://tenders.etimad.sa/Tender/GetAwardingResultsForVisitorViewComponenet?tenderIdStr=mrkGx4G42y+%2A%40%40%2A%2AGNLCzodqFA%3D%3D "HTTP/1.1 302 Found"
2026-09-09 12:17:32,492 httpx INFO HTTP Request: GET https://tenders.etimad.sa/Tender/GetAwardingResultsForVisitorViewComponenet?tenderIdStr=AV44iItVXFg13kg7pC8ZlA%3D%3D "HTTP/1.1 302 Found"
2026-09-09 12:17:35,606 httpx INFO HTTP Request: GET https://tenders.etimad.sa/Tender/GetAwardingResultsForVisitorViewComponenet?tenderIdStr=QfT%2A%40%40%2A%2ATKdIfmjSGCRgKrPAvg%3D%3D "HTTP/1.1 302 Found"
2026-09-09 12:17:38,790 httpx INFO HTTP Request: GET https://tenders.etimad.sa/Tender/GetAwardingResultsForVisitorViewComponenet?tenderIdStr=k2az7k86bwSuo%2A%40%40%2A%2AUAYbxz8w%3D%3D "HTTP/1.1 200 OK"
2026-09-09 12:17:41,976 httpx INFO HTTP Request: GET https://tenders.etimad.sa/Tender/GetAwardingResultsForVisitorViewComponenet?tenderIdStr=W8MEeCj5PgSfqbKuHNFH0g%3D%3D "HTTP/1.1 200 OK"
2026-09-09 12:17:45,133 httpx INFO HTTP Request: GET https://tenders.etimad.sa/Tender/GetAwardingResultsForVisitorViewComponenet?tenderIdStr=rIfAHO+GNSxTCjJ2FLJRKg%3D%3D "HTTP/1.1 200 OK"
2026-09-09 12:17:48,237 httpx INFO HTTP Request: GET https://tenders.etimad.sa/Tender/GetAwardingResultsForVisitorViewComponenet?tenderIdStr=w%2A%40%40%2A%2A9uOyChjW5ezF8tJc3RoA%3D%3D "HTTP/1.1 200 OK"
2026-09-09 12:17:51,454 thaqip.awards INFO page 3 done: {'pages': 3, 'tenders': 60, 'skipped': 31, 'announced': 12, 'offers': 42, 'awards': 12, 'events': 12, 'cooldown': False}
2026-09-09 12:17:59,638 httpx INFO HTTP Request: GET https://tenders.etimad.sa/Tender/AllSupplierTendersForVisitorAsync?PageSize=20&PageNumber=4&TenderCategory=6 "HTTP/1.1 200 OK"
2026-09-09 12:17:59,976 httpx INFO HTTP Request: GET https://tenders.etimad.sa/Tender/GetAwardingResultsForVisitorViewComponenet?tenderIdStr=ef9a9AFdJVYX+Q+Ytj2xag%3D%3D "HTTP/1.1 302 Found"
2026-09-09 12:18:03,001 httpx INFO HTTP Request: GET https://tenders.etimad.sa/Tender/GetAwardingResultsForVisitorViewComponenet?tenderIdStr=zagprJ7xJ+BaFvqZjkpcag%3D%3D "HTTP/1.1 429 Too Many Requests"
2026-09-09 12:18:03,002 thaqip.awards WARNING 429 on awarding component; sleeping 25s
2026-09-09 12:18:28,168 httpx INFO HTTP Request: GET https://tenders.etimad.sa/Tender/GetAwardingResultsForVisitorViewComponenet?tenderIdStr=zagprJ7xJ+BaFvqZjkpcag%3D%3D "HTTP/1.1 302 Found"
2026-09-09 12:18:31,352 httpx INFO HTTP Request: GET https://tenders.etimad.sa/Tender/GetAwardingResultsForVisitorViewComponenet?tenderIdStr=%2A%40%40%2A%2AtVT4YuV8KxE%2A%40%40%2A%2Ai45evxlzg%3D%3D "HTTP/1.1 302 Found"
2026-09-09 12:18:34,461 httpx INFO HTTP Request: GET https://tenders.etimad.sa/Tender/GetAwardingResultsForVisitorViewComponenet?tenderIdStr=cMGYLYBKBSaN+ya+j%2A%40%40%2A%2ADPFw%3D%3D "HTTP/1.1 302 Found"
2026-09-09 12:18:37,558 httpx INFO HTTP Request: GET https://tenders.etimad.sa/Tender/GetAwardingResultsForVisitorViewComponenet?tenderIdStr=mrkGx4G42y+%2A%40%40%2A%2AGNLCzodqFA%3D%3D "HTTP/1.1 302 Found"
2026-09-09 12:18:40,650 httpx INFO HTTP Request: GET https://tenders.etimad.sa/Tender/GetAwardingResultsForVisitorViewComponenet?tenderIdStr=AV44iItVXFg13kg7pC8ZlA%3D%3D "HTTP/1.1 302 Found"
2026-09-09 12:18:43,757 httpx INFO HTTP Request: GET https://tenders.etimad.sa/Tender/GetAwardingResultsForVisitorViewComponenet?tenderIdStr=QfT%2A%40%40%2A%2ATKdIfmjSGCRgKrPAvg%3D%3D "HTTP/1.1 302 Found"
2026-09-09 12:18:46,975 httpx INFO HTTP Request: GET https://tenders.etimad.sa/Tender/GetAwardingResultsForVisitorViewComponenet?tenderIdStr=lY9WUKCqVdAfjHrvFLS1uw%3D%3D "HTTP/1.1 200 OK"
2026-09-09 12:18:50,435 httpx INFO HTTP Request: GET https://tenders.etimad.sa/Tender/GetAwardingResultsForVisitorViewComponenet?tenderIdStr=S1MU5cvgw3zossBsMiydQw%3D%3D "HTTP/1.1 200 OK"
2026-09-09 12:18:53,645 httpx INFO HTTP Request: GET https://tenders.etimad.sa/Tender/GetAwardingResultsForVisitorViewComponenet?tenderIdStr=tkG5y0A4urk3H+GBrL70dg%3D%3D "HTTP/1.1 200 OK"
2026-09-09 12:18:56,935 httpx INFO HTTP Request: GET https://tenders.etimad.sa/Tender/GetAwardingResultsForVisitorViewComponenet?tenderIdStr=s1LRX5KnRyLVhhmaB5MLow%3D%3D "HTTP/1.1 200 OK"
2026-09-09 12:18:59,975 thaqip.awards INFO page 4 done: {'pages': 4, 'tenders': 80, 'skipped': 40, 'announced': 16, 'offers': 69, 'awards': 16, 'events': 16, 'cooldown': False}
2026-09-09 12:19:01,309 httpx INFO HTTP Request: GET https://tenders.etimad.sa/Tender/AllSupplierTendersForVisitorAsync?PageSize=20&PageNumber=5&TenderCategory=6 "HTTP/1.1 200 OK"
2026-09-09 12:19:01,342 httpx INFO HTTP Request: GET https://tenders.etimad.sa/Tender/GetAwardingResultsForVisitorViewComponenet?tenderIdStr=ef9a9AFdJVYX+Q+Ytj2xag%3D%3D "HTTP/1.1 429 Too Many Requests"
2026-09-09 12:19:01,343 thaqip.awards WARNING 429 on awarding component; sleeping 32s
2026-09-09 12:19:33,541 httpx INFO HTTP Request: GET https://tenders.etimad.sa/Tender/GetAwardingResultsForVisitorViewComponenet?tenderIdStr=ef9a9AFdJVYX+Q+Ytj2xag%3D%3D "HTTP/1.1 302 Found"
2026-09-09 12:19:36,611 httpx INFO HTTP Request: GET https://tenders.etimad.sa/Tender/GetAwardingResultsForVisitorViewComponenet?tenderIdStr=zagprJ7xJ+BaFvqZjkpcag%3D%3D "HTTP/1.1 302 Found"
2026-09-09 12:19:39,706 httpx INFO HTTP Request: GET https://tenders.etimad.sa/Tender/GetAwardingResultsForVisitorViewComponenet?tenderIdStr=%2A%40%40%2A%2AtVT4YuV8KxE%2A%40%40%2A%2Ai45evxlzg%3D%3D "HTTP/1.1 302 Found"
2026-09-09 12:19:42,766 httpx INFO HTTP Request: GET https://tenders.etimad.sa/Tender/GetAwardingResultsForVisitorViewComponenet?tenderIdStr=cMGYLYBKBSaN+ya+j%2A%40%40%2A%2ADPFw%3D%3D "HTTP/1.1 302 Found"
2026-09-09 12:19:45,831 httpx INFO HTTP Request: GET https://tenders.etimad.sa/Tender/GetAwardingResultsForVisitorViewComponenet?tenderIdStr=mrkGx4G42y+%2A%40%40%2A%2AGNLCzodqFA%3D%3D "HTTP/1.1 302 Found"
2026-09-09 12:19:48,941 httpx INFO HTTP Request: GET https://tenders.etimad.sa/Tender/GetAwardingResultsForVisitorViewComponenet?tenderIdStr=AV44iItVXFg13kg7pC8ZlA%3D%3D "HTTP/1.1 302 Found"
2026-09-09 12:19:52,004 httpx INFO HTTP Request: GET https://tenders.etimad.sa/Tender/GetAwardingResultsForVisitorViewComponenet?tenderIdStr=QfT%2A%40%40%2A%2ATKdIfmjSGCRgKrPAvg%3D%3D "HTTP/1.1 302 Found"
2026-09-09 12:19:55,162 httpx INFO HTTP Request: GET https://tenders.etimad.sa/Tender/GetAwardingResultsForVisitorViewComponenet?tenderIdStr=jT0DBGtG4BdFfecVuBfRxw%3D%3D "HTTP/1.1 200 OK"
2026-09-09 12:19:58,289 httpx INFO HTTP Request: GET https://tenders.etimad.sa/Tender/GetAwardingResultsForVisitorViewComponenet?tenderIdStr=zzwyTWokJCDmT01yR5PADw%3D%3D "HTTP/1.1 200 OK"
2026-09-09 12:20:01,409 httpx INFO HTTP Request: GET https://tenders.etimad.sa/Tender/GetAwardingResultsForVisitorViewComponenet?tenderIdStr=mqLp3kV5Q9TNBDNM+ewOmQ%3D%3D "HTTP/1.1 200 OK"
2026-09-09 12:20:04,480 httpx INFO HTTP Request: GET https://tenders.etimad.sa/Tender/GetAwardingResultsForVisitorViewComponenet?tenderIdStr=bXVLxS29%2A%40%40%2A%2AG9BJEYCfpTv0w%3D%3D "HTTP/1.1 429 Too Many Requests"
2026-09-09 12:20:04,481 thaqip.awards WARNING 429 on awarding component; sleeping 34s
2026-09-09 12:20:38,601 httpx INFO HTTP Request: GET https://tenders.etimad.sa/Tender/GetAwardingResultsForVisitorViewComponenet?tenderIdStr=bXVLxS29%2A%40%40%2A%2AG9BJEYCfpTv0w%3D%3D "HTTP/1.1 200 OK"
2026-09-09 12:20:41,853 httpx INFO HTTP Request: GET https://tenders.etimad.sa/Tender/GetAwardingResultsForVisitorViewComponenet?tenderIdStr=dYgE9Tb57ya2npUUfp%2A%40%40%2A%2AB2w%3D%3D "HTTP/1.1 200 OK"
2026-09-09 12:20:44,899 thaqip.awards INFO page 5 done: {'pages': 5, 'tenders': 100, 'skipped': 48, 'announced': 21, 'offers': 91, 'awards': 21, 'events': 21, 'cooldown': False}
2026-09-09 12:20:46,921 httpx INFO HTTP Request: GET https://tenders.etimad.sa/Tender/AllSupplierTendersForVisitorAsync?PageSize=20&PageNumber=6&TenderCategory=6 "HTTP/1.1 200 OK"
2026-09-09 12:20:47,045 httpx INFO HTTP Request: GET https://tenders.etimad.sa/Tender/GetAwardingResultsForVisitorViewComponenet?tenderIdStr=ef9a9AFdJVYX+Q+Ytj2xag%3D%3D "HTTP/1.1 302 Found"
2026-09-09 12:20:50,145 httpx INFO HTTP Request: GET https://tenders.etimad.sa/Tender/GetAwardingResultsForVisitorViewComponenet?tenderIdStr=zagprJ7xJ+BaFvqZjkpcag%3D%3D "HTTP/1.1 302 Found"
2026-09-09 12:20:53,252 httpx INFO HTTP Request: GET https://tenders.etimad.sa/Tender/GetAwardingResultsForVisitorViewComponenet?tenderIdStr=%2A%40%40%2A%2AtVT4YuV8KxE%2A%40%40%2A%2Ai45evxlzg%3D%3D "HTTP/1.1 302 Found"
2026-09-09 12:20:56,314 httpx INFO HTTP Request: GET https://tenders.etimad.sa/Tender/GetAwardingResultsForVisitorViewComponenet?tenderIdStr=cMGYLYBKBSaN+ya+j%2A%40%40%2A%2ADPFw%3D%3D "HTTP/1.1 302 Found"
2026-09-09 12:20:59,407 httpx INFO HTTP Request: GET https://tenders.etimad.sa/Tender/GetAwardingResultsForVisitorViewComponenet?tenderIdStr=mrkGx4G42y+%2A%40%40%2A%2AGNLCzodqFA%3D%3D "HTTP/1.1 302 Found"
2026-09-09 12:21:02,523 httpx INFO HTTP Request: GET https://tenders.etimad.sa/Tender/GetAwardingResultsForVisitorViewComponenet?tenderIdStr=AV44iItVXFg13kg7pC8ZlA%3D%3D "HTTP/1.1 302 Found"
2026-09-09 12:21:05,584 httpx INFO HTTP Request: GET https://tenders.etimad.sa/Tender/GetAwardingResultsForVisitorViewComponenet?tenderIdStr=QfT%2A%40%40%2A%2ATKdIfmjSGCRgKrPAvg%3D%3D "HTTP/1.1 302 Found"
2026-09-09 12:21:08,680 httpx INFO HTTP Request: GET https://tenders.etimad.sa/Tender/GetAwardingResultsForVisitorViewComponenet?tenderIdStr=kfGNYjNGbtTXKThjpvMQXA%3D%3D "HTTP/1.1 302 Found"
2026-09-09 12:21:11,728 httpx INFO HTTP Request: GET https://tenders.etimad.sa/Tender/GetAwardingResultsForVisitorViewComponenet?tenderIdStr=jjBwJm%2A%40%40%2A%2AVXalTF2z+TTp17Q%3D%3D "HTTP/1.1 429 Too Many Requests"
2026-09-09 12:21:11,729 thaqip.awards WARNING 429 on awarding component; sleeping 32s
2026-09-09 12:21:43,885 httpx INFO HTTP Request: GET https://tenders.etimad.sa/Tender/GetAwardingResultsForVisitorViewComponenet?tenderIdStr=jjBwJm%2A%40%40%2A%2AVXalTF2z+TTp17Q%3D%3D "HTTP/1.1 200 OK"
2026-09-09 12:21:46,989 httpx INFO HTTP Request: GET https://tenders.etimad.sa/Tender/GetAwardingResultsForVisitorViewComponenet?tenderIdStr=lUuXQm6D%2A%40%40%2A%2A3Xc%2A%40%40%2A%2A9CRwO0yvw%3D%3D "HTTP/1.1 200 OK"
2026-09-09 12:21:50,115 httpx INFO HTTP Request: GET https://tenders.etimad.sa/Tender/GetAwardingResultsForVisitorViewComponenet?tenderIdStr=7YM5ZnjSA8KuAYQdOm0jbw%3D%3D "HTTP/1.1 200 OK"
2026-09-09 12:21:53,351 httpx INFO HTTP Request: GET https://tenders.etimad.sa/Tender/GetAwardingResultsForVisitorViewComponenet?tenderIdStr=nXJiyOCUZqTyAezrNCUe1A%3D%3D "HTTP/1.1 200 OK"
2026-09-09 12:21:56,500 httpx INFO HTTP Request: GET https://tenders.etimad.sa/Tender/GetAwardingResultsForVisitorViewComponenet?tenderIdStr=x0qL8hVCLlnWHUhdrEASdQ%3D%3D "HTTP/1.1 200 OK"
2026-09-09 12:21:59,656 httpx INFO HTTP Request: GET https://tenders.etimad.sa/Tender/GetAwardingResultsForVisitorViewComponenet?tenderIdStr=VxVuwBIZt%2A%40%40%2A%2A4hwS1Nw3U%2A%40%40%2A%2AaA%3D%3D "HTTP/1.1 200 OK"
2026-09-09 12:22:02,713 thaqip.awards INFO page 6 done: {'pages': 6, 'tenders': 120, 'skipped': 54, 'announced': 27, 'offers': 117, 'awards': 27, 'events': 27, 'cooldown': False}
2026-09-09 12:22:04,359 httpx INFO HTTP Request: GET https://tenders.etimad.sa/Tender/AllSupplierTendersForVisitorAsync?PageSize=20&PageNumber=7&TenderCategory=6 "HTTP/1.1 200 OK"
2026-09-09 12:22:04,536 httpx INFO HTTP Request: GET https://tenders.etimad.sa/Tender/GetAwardingResultsForVisitorViewComponenet?tenderIdStr=ef9a9AFdJVYX+Q+Ytj2xag%3D%3D "HTTP/1.1 302 Found"
2026-09-09 12:22:08,132 httpx INFO HTTP Request: GET https://tenders.etimad.sa/Tender/GetAwardingResultsForVisitorViewComponenet?tenderIdStr=zagprJ7xJ+BaFvqZjkpcag%3D%3D "HTTP/1.1 302 Found"
2026-09-09 12:22:11,228 httpx INFO HTTP Request: GET https://tenders.etimad.sa/Tender/GetAwardingResultsForVisitorViewComponenet?tenderIdStr=%2A%40%40%2A%2AtVT4YuV8KxE%2A%40%40%2A%2Ai45evxlzg%3D%3D "HTTP/1.1 302 Found"
2026-09-09 12:22:14,351 httpx INFO HTTP Request: GET https://tenders.etimad.sa/Tender/GetAwardingResultsForVisitorViewComponenet?tenderIdStr=cMGYLYBKBSaN+ya+j%2A%40%40%2A%2ADPFw%3D%3D "HTTP/1.1 302 Found"
2026-09-09 12:22:17,372 httpx INFO HTTP Request: GET https://tenders.etimad.sa/Tender/GetAwardingResultsForVisitorViewComponenet?tenderIdStr=mrkGx4G42y+%2A%40%40%2A%2AGNLCzodqFA%3D%3D "HTTP/1.1 429 Too Many Requests"
2026-09-09 12:22:17,373 thaqip.awards WARNING 429 on awarding component; sleeping 31s
2026-09-09 12:22:48,555 httpx INFO HTTP Request: GET https://tenders.etimad.sa/Tender/GetAwardingResultsForVisitorViewComponenet?tenderIdStr=mrkGx4G42y+%2A%40%40%2A%2AGNLCzodqFA%3D%3D "HTTP/1.1 302 Found"
2026-09-09 12:22:51,673 httpx INFO HTTP Request: GET https://tenders.etimad.sa/Tender/GetAwardingResultsForVisitorViewComponenet?tenderIdStr=AV44iItVXFg13kg7pC8ZlA%3D%3D "HTTP/1.1 302 Found"
2026-09-09 12:22:54,778 httpx INFO HTTP Request: GET https://tenders.etimad.sa/Tender/GetAwardingResultsForVisitorViewComponenet?tenderIdStr=QfT%2A%40%40%2A%2ATKdIfmjSGCRgKrPAvg%3D%3D "HTTP/1.1 302 Found"
2026-09-09 12:22:58,289 httpx INFO HTTP Request: GET https://tenders.etimad.sa/Tender/GetAwardingResultsForVisitorViewComponenet?tenderIdStr=kfGNYjNGbtTXKThjpvMQXA%3D%3D "HTTP/1.1 302 Found"
2026-09-09 12:23:01,405 httpx INFO HTTP Request: GET https://tenders.etimad.sa/Tender/GetAwardingResultsForVisitorViewComponenet?tenderIdStr=5+shIyx683tH%2A%40%40%2A%2ANsYx7%2A%40%40%2A%2ARDA%3D%3D "HTTP/1.1 302 Found"
2026-09-09 12:23:04,495 httpx INFO HTTP Request: GET https://tenders.etimad.sa/Tender/GetAwardingResultsForVisitorViewComponenet?tenderIdStr=6ZjFmi9THpDJ7bUyrbnPGw%3D%3D "HTTP/1.1 200 OK"
2026-09-09 12:23:07,601 httpx INFO HTTP Request: GET https://tenders.etimad.sa/Tender/GetAwardingResultsForVisitorViewComponenet?tenderIdStr=19W0gpopmMwpoN6UgvWByw%3D%3D "HTTP/1.1 200 OK"
2026-09-09 12:23:10,772 httpx INFO HTTP Request: GET https://tenders.etimad.sa/Tender/GetAwardingResultsForVisitorViewComponenet?tenderIdStr=nrMaNcju%2A%40%40%2A%2A79eMzK+UQ5TIA%3D%3D "HTTP/1.1 200 OK"
2026-09-09 12:23:13,941 httpx INFO HTTP Request: GET https://tenders.etimad.sa/Tender/GetAwardingResultsForVisitorViewComponenet?tenderIdStr=sUYx0zXBIuzV+VJ1T4+pZQ%3D%3D "HTTP/1.1 200 OK"
2026-09-09 12:23:17,050 httpx INFO HTTP Request: GET https://tenders.etimad.sa/Tender/GetAwardingResultsForVisitorViewComponenet?tenderIdStr=GEi3f+AfSfD44ttrks%2A%40%40%2A%2AZMQ%3D%3D "HTTP/1.1 200 OK"
2026-09-09 12:23:20,119 httpx INFO HTTP Request: GET https://tenders.etimad.sa/Tender/GetAwardingResultsForVisitorViewComponenet?tenderIdStr=ElA+6DVHdZQKU%2A%40%40%2A%2AAu%2A%40%40%2A%2AmSLFw%3D%3D "HTTP/1.1 429 Too Many Requests"
2026-09-09 12:23:20,120 thaqip.awards WARNING 429 on awarding component; sleeping 33s
2026-09-09 12:23:53,308 httpx INFO HTTP Request: GET https://tenders.etimad.sa/Tender/GetAwardingResultsForVisitorViewComponenet?tenderIdStr=ElA+6DVHdZQKU%2A%40%40%2A%2AAu%2A%40%40%2A%2AmSLFw%3D%3D "HTTP/1.1 200 OK"
2026-09-09 12:23:56,448 httpx INFO HTTP Request: GET https://tenders.etimad.sa/Tender/GetAwardingResultsForVisitorViewComponenet?tenderIdStr=+ANNffNqU9uSrSu515tOUg%3D%3D "HTTP/1.1 200 OK"
2026-09-09 12:23:59,709 httpx INFO HTTP Request: GET https://tenders.etimad.sa/Tender/GetAwardingResultsForVisitorViewComponenet?tenderIdStr=u6yBLhBkUDulB4zIS0HVnA%3D%3D "HTTP/1.1 200 OK"
2026-09-09 12:24:02,854 httpx INFO HTTP Request: GET https://tenders.etimad.sa/Tender/GetAwardingResultsForVisitorViewComponenet?tenderIdStr=x+7PTL%2A%40%40%2A%2AqXES8GIG8VtU3pA%3D%3D "HTTP/1.1 200 OK"
2026-09-09 12:24:05,986 httpx INFO HTTP Request: GET https://tenders.etimad.sa/Tender/GetAwardingResultsForVisitorViewComponenet?tenderIdStr=PfDqbQvh1a7ndknL9I0jYA%3D%3D "HTTP/1.1 200 OK"
2026-09-09 12:24:09,067 thaqip.awards INFO page 7 done: {'pages': 7, 'tenders': 140, 'skipped': 55, 'announced': 37, 'offers': 171, 'awards': 37, 'events': 37, 'cooldown': False}
2026-09-09 12:24:10,111 httpx INFO HTTP Request: GET https://tenders.etimad.sa/Tender/AllSupplierTendersForVisitorAsync?PageSize=20&PageNumber=8&TenderCategory=6 "HTTP/1.1 200 OK"
2026-09-09 12:24:10,202 httpx INFO HTTP Request: GET https://tenders.etimad.sa/Tender/GetAwardingResultsForVisitorViewComponenet?tenderIdStr=N3obpdhcWKWvOVZ7BYNh3w%3D%3D "HTTP/1.1 200 OK"
2026-09-09 12:24:13,302 httpx INFO HTTP Request: GET https://tenders.etimad.sa/Tender/GetAwardingResultsForVisitorViewComponenet?tenderIdStr=wfWAtGINDabGa5sMF6Q8Hg%3D%3D "HTTP/1.1 200 OK"
2026-09-09 12:24:16,453 httpx INFO HTTP Request: GET https://tenders.etimad.sa/Tender/GetAwardingResultsForVisitorViewComponenet?tenderIdStr=+kc5p4bWJeY%2A%40%40%2A%2Ae3onD2GbEg%3D%3D "HTTP/1.1 200 OK"
2026-09-09 12:24:19,623 httpx INFO HTTP Request: GET https://tenders.etimad.sa/Tender/GetAwardingResultsForVisitorViewComponenet?tenderIdStr=j2klTDSoBjiO3BFojTBM7Q%3D%3D "HTTP/1.1 200 OK"
2026-09-09 12:24:23,026 httpx INFO HTTP Request: GET https://tenders.etimad.sa/Tender/GetAwardingResultsForVisitorViewComponenet?tenderIdStr=S+Ol+vPBM2Mpl4mHanbC8A%3D%3D "HTTP/1.1 200 OK"
2026-09-09 12:24:26,225 httpx INFO HTTP Request: GET https://tenders.etimad.sa/Tender/GetAwardingResultsForVisitorViewComponenet?tenderIdStr=tC3Za+HRm+a9k4Iuf%2A%40%40%2A%2Aco1w%3D%3D "HTTP/1.1 429 Too Many Requests"
2026-09-09 12:24:26,226 thaqip.awards WARNING 429 on awarding component; sleeping 32s
2026-09-09 12:24:58,397 httpx INFO HTTP Request: GET https://tenders.etimad.sa/Tender/GetAwardingResultsForVisitorViewComponenet?tenderIdStr=tC3Za+HRm+a9k4Iuf%2A%40%40%2A%2Aco1w%3D%3D "HTTP/1.1 200 OK"
2026-09-09 12:25:01,462 httpx INFO HTTP Request: GET https://tenders.etimad.sa/Tender/GetAwardingResultsForVisitorViewComponenet?tenderIdStr=8kPzfpndo2DjeCLn93VqPQ%3D%3D "HTTP/1.1 200 OK"
2026-09-09 12:25:04,685 httpx INFO HTTP Request: GET https://tenders.etimad.sa/Tender/GetAwardingResultsForVisitorViewComponenet?tenderIdStr=FUL85eirMv0o2wti%2A%40%40%2A%2ARxYxA%3D%3D "HTTP/1.1 200 OK"
2026-09-09 12:25:07,919 httpx INFO HTTP Request: GET https://tenders.etimad.sa/Tender/GetAwardingResultsForVisitorViewComponenet?tenderIdStr=YZmF60wj+nJVvg3attO3YQ%3D%3D "HTTP/1.1 200 OK"
2026-09-09 12:25:11,058 thaqip.awards INFO page 8 done: {'pages': 8, 'tenders': 160, 'skipped': 66, 'announced': 46, 'offers': 219, 'awards': 46, 'events': 46, 'cooldown': False}
2026-09-09 12:25:12,065 httpx INFO HTTP Request: GET https://tenders.etimad.sa/Tender/AllSupplierTendersForVisitorAsync?PageSize=20&PageNumber=9&TenderCategory=6 "HTTP/1.1 200 OK"
2026-09-09 12:25:12,219 httpx INFO HTTP Request: GET https://tenders.etimad.sa/Tender/GetAwardingResultsForVisitorViewComponenet?tenderIdStr=imVwABMJ6Ab8T1sKrZJmNg%3D%3D "HTTP/1.1 200 OK"
2026-09-09 12:25:15,457 httpx INFO HTTP Request: GET https://tenders.etimad.sa/Tender/GetAwardingResultsForVisitorViewComponenet?tenderIdStr=4psBZOJlyLLOm17CCx+jNg%3D%3D "HTTP/1.1 200 OK"
2026-09-09 12:25:18,710 httpx INFO HTTP Request: GET https://tenders.etimad.sa/Tender/GetAwardingResultsForVisitorViewComponenet?tenderIdStr=sypDIKe0T3tGitytfZJ44Q%3D%3D "HTTP/1.1 200 OK"
2026-09-09 12:25:21,919 httpx INFO HTTP Request: GET https://tenders.etimad.sa/Tender/GetAwardingResultsForVisitorViewComponenet?tenderIdStr=pTZNaBZtC%2A%40%40%2A%2AuG3XpN4Fioew%3D%3D "HTTP/1.1 200 OK"
2026-09-09 12:25:25,164 httpx INFO HTTP Request: GET https://tenders.etimad.sa/Tender/GetAwardingResultsForVisitorViewComponenet?tenderIdStr=tS+f%2A%40%40%2A%2Azvx92eVJ8MuER3NDQ%3D%3D "HTTP/1.1 200 OK"
2026-09-09 12:25:28,318 httpx INFO HTTP Request: GET https://tenders.etimad.sa/Tender/GetAwardingResultsForVisitorViewComponenet?tenderIdStr=mh5es7c1OEZenp7L6jR7xw%3D%3D "HTTP/1.1 200 OK"
2026-09-09 12:25:31,504 httpx INFO HTTP Request: GET https://tenders.etimad.sa/Tender/GetAwardingResultsForVisitorViewComponenet?tenderIdStr=vFScWykn98otvoh4IK3e8Q%3D%3D "HTTP/1.1 429 Too Many Requests"
2026-09-09 12:25:31,505 thaqip.awards WARNING 429 on awarding component; sleeping 32s
2026-09-09 12:26:03,859 httpx INFO HTTP Request: GET https://tenders.etimad.sa/Tender/GetAwardingResultsForVisitorViewComponenet?tenderIdStr=vFScWykn98otvoh4IK3e8Q%3D%3D "HTTP/1.1 200 OK"
2026-09-09 12:26:06,978 httpx INFO HTTP Request: GET https://tenders.etimad.sa/Tender/GetAwardingResultsForVisitorViewComponenet?tenderIdStr=ehgdVewNaH6Gf866BO67HQ%3D%3D "HTTP/1.1 200 OK"
2026-09-09 12:26:10,073 thaqip.awards INFO page 9 done: {'pages': 9, 'tenders': 180, 'skipped': 78, 'announced': 54, 'offers': 244, 'awards': 54, 'events': 54, 'cooldown': False}
2026-09-09 12:26:10,671 httpx INFO HTTP Request: GET https://tenders.etimad.sa/Tender/AllSupplierTendersForVisitorAsync?PageSize=20&PageNumber=10&TenderCategory=6 "HTTP/1.1 400 Bad Request"
2026-09-09 12:26:10,672 thaqip_ingestion.etimad.client WARNING 400 (likely WAF cool-off); sleeping 90s (attempt 1)
2026-09-09 12:27:40,762 thaqip_ingestion.etimad.client WARNING etimad listing page=10 attempt=1 failed (waf cool-off); retrying in 1.3s
2026-09-09 12:27:42,632 httpx INFO HTTP Request: GET https://tenders.etimad.sa/Tender/AllSupplierTendersForVisitorAsync?PageSize=20&PageNumber=10&TenderCategory=6 "HTTP/1.1 400 Bad Request"
2026-09-09 12:27:42,633 thaqip_ingestion.etimad.client WARNING 400 (likely WAF cool-off); sleeping 180s (attempt 2)
2026-09-09 12:30:42,663 thaqip_ingestion.etimad.client WARNING etimad listing page=10 attempt=2 failed (waf cool-off); retrying in 2.3s
2026-09-09 12:30:46,067 httpx INFO HTTP Request: GET https://tenders.etimad.sa/Tender/AllSupplierTendersForVisitorAsync?PageSize=20&PageNumber=10&TenderCategory=6 "HTTP/1.1 400 Bad Request"
2026-09-09 12:30:46,067 thaqip_ingestion.etimad.client WARNING 400 (likely WAF cool-off); sleeping 270s (attempt 3)
2026-09-09 12:35:16,168 thaqip_ingestion.etimad.client WARNING etimad listing page=10 attempt=3 failed (waf cool-off); retrying in 4.4s
2026-09-09 12:35:21,841 httpx INFO HTTP Request: GET https://tenders.etimad.sa/Tender/AllSupplierTendersForVisitorAsync?PageSize=20&PageNumber=10&TenderCategory=6 "HTTP/1.1 400 Bad Request"
2026-09-09 12:35:21,842 thaqip_ingestion.etimad.client WARNING 400 (likely WAF cool-off); sleeping 360s (attempt 4)
2026-09-09 12:41:21,942 thaqip_ingestion.etimad.client WARNING etimad listing page=10 attempt=4 failed (waf cool-off); retrying in 11.1s
2026-09-09 12:41:33,561 httpx INFO HTTP Request: GET https://tenders.etimad.sa/Tender/AllSupplierTendersForVisitorAsync?PageSize=20&PageNumber=10&TenderCategory=6 "HTTP/1.1 400 Bad Request"
2026-09-09 12:41:33,562 thaqip_ingestion.etimad.client WARNING 400 (likely WAF cool-off); sleeping 450s (attempt 5)
2026-09-09 12:49:03,661 thaqip.resilience WARNING route /Tender/AllSupplierTendersForVisitorAsync recorded failure 1/4 (waf cool-off)
2026-09-09 12:49:03,803 thaqip.awards WARNING awards harvest paused by Etimad WAF cool-off; next schedule will retry
2026-09-09 12:49:03,813 thaqip.awards INFO harvest complete: {'pages': 9, 'tenders': 180, 'skipped': 78, 'announced': 54, 'offers': 244, 'awards': 54, 'events': 54, 'cooldown': True}
2026-09-09T18:15:01+03:00 cron harvest session starting
2026-09-09 18:15:01,701 thaqip.awards INFO awards harvest resuming at listing page 1
2026-09-09 18:15:03,826 httpx INFO HTTP Request: GET https://tenders.etimad.sa/Tender/AllSupplierTendersForVisitorAsync?PageSize=20&PageNumber=1&TenderCategory=6 "HTTP/1.1 200 OK"
2026-09-09 18:15:04,002 thaqip_ingestion.etimad.session INFO bootstrapping Etimad session via headless browser
2026-09-09 18:15:17,423 thaqip_ingestion.etimad.session INFO bootstrap complete: 14 cookies (10 TSPD)
2026-09-09 18:15:17,671 httpx INFO HTTP Request: GET https://tenders.etimad.sa/Tender/GetAwardingResultsForVisitorViewComponenet?tenderIdStr=ef9a9AFdJVYX+Q+Ytj2xag%3D%3D "HTTP/1.1 302 Found"
2026-09-09 18:15:20,775 httpx INFO HTTP Request: GET https://tenders.etimad.sa/Tender/GetAwardingResultsForVisitorViewComponenet?tenderIdStr=zagprJ7xJ+BaFvqZjkpcag%3D%3D "HTTP/1.1 302 Found"
2026-09-09 18:15:24,122 httpx INFO HTTP Request: GET https://tenders.etimad.sa/Tender/GetAwardingResultsForVisitorViewComponenet?tenderIdStr=%2A%40%40%2A%2AtVT4YuV8KxE%2A%40%40%2A%2Ai45evxlzg%3D%3D "HTTP/1.1 302 Found"
2026-09-09 18:15:28,707 httpx INFO HTTP Request: GET https://tenders.etimad.sa/Tender/GetAwardingResultsForVisitorViewComponenet?tenderIdStr=cMGYLYBKBSaN+ya+j%2A%40%40%2A%2ADPFw%3D%3D "HTTP/1.1 302 Found"
2026-09-09 18:15:32,495 httpx INFO HTTP Request: GET https://tenders.etimad.sa/Tender/GetAwardingResultsForVisitorViewComponenet?tenderIdStr=mrkGx4G42y+%2A%40%40%2A%2AGNLCzodqFA%3D%3D "HTTP/1.1 302 Found"
2026-09-09 18:15:35,663 httpx INFO HTTP Request: GET https://tenders.etimad.sa/Tender/GetAwardingResultsForVisitorViewComponenet?tenderIdStr=u8fgmKlOINbB+OuFkQfVwQ%3D%3D "HTTP/1.1 200 OK"
2026-09-09 18:15:38,801 thaqip.awards INFO page 1 done: {'pages': 1, 'tenders': 20, 'skipped': 14, 'announced': 1, 'offers': 3, 'awards': 1, 'events': 1, 'cooldown': False}
2026-09-09 18:15:39,809 httpx INFO HTTP Request: GET https://tenders.etimad.sa/Tender/AllSupplierTendersForVisitorAsync?PageSize=20&PageNumber=2&TenderCategory=6 "HTTP/1.1 200 OK"
2026-09-09 18:15:40,563 httpx INFO HTTP Request: GET https://tenders.etimad.sa/Tender/GetAwardingResultsForVisitorViewComponenet?tenderIdStr=ef9a9AFdJVYX+Q+Ytj2xag%3D%3D "HTTP/1.1 302 Found"
2026-09-09 18:15:43,671 httpx INFO HTTP Request: GET https://tenders.etimad.sa/Tender/GetAwardingResultsForVisitorViewComponenet?tenderIdStr=zagprJ7xJ+BaFvqZjkpcag%3D%3D "HTTP/1.1 302 Found"
2026-09-09 18:15:47,006 httpx INFO HTTP Request: GET https://tenders.etimad.sa/Tender/GetAwardingResultsForVisitorViewComponenet?tenderIdStr=%2A%40%40%2A%2AtVT4YuV8KxE%2A%40%40%2A%2Ai45evxlzg%3D%3D "HTTP/1.1 302 Found"
2026-09-09 18:15:50,109 httpx INFO HTTP Request: GET https://tenders.etimad.sa/Tender/GetAwardingResultsForVisitorViewComponenet?tenderIdStr=cMGYLYBKBSaN+ya+j%2A%40%40%2A%2ADPFw%3D%3D "HTTP/1.1 302 Found"
2026-09-09 18:15:53,133 httpx INFO HTTP Request: GET https://tenders.etimad.sa/Tender/GetAwardingResultsForVisitorViewComponenet?tenderIdStr=mrkGx4G42y+%2A%40%40%2A%2AGNLCzodqFA%3D%3D "HTTP/1.1 429 Too Many Requests"
2026-09-09 18:15:53,135 thaqip.awards WARNING 429 on awarding component; sleeping 29s
Traceback (most recent call last):
  File "/home/ais04/thaqip/services/ingestion/.venv/lib/python3.13/site-packages/httpx/_transports/default.py", line 101, in map_httpcore_exceptions
    yield
  File "/home/ais04/thaqip/services/ingestion/.venv/lib/python3.13/site-packages/httpx/_transports/default.py", line 394, in handle_async_request
    resp = await self._pool.handle_async_request(req)
           ^^^^^^^^^^^^^^^^^^^^^^^^^^^^^^^^^^^^^^^^^^
  File "/home/ais04/thaqip/services/ingestion/.venv/lib/python3.13/site-packages/httpcore/_async/connection_pool.py", line 256, in handle_async_request
    raise exc from None
  File "/home/ais04/thaqip/services/ingestion/.venv/lib/python3.13/site-packages/httpcore/_async/connection_pool.py", line 236, in handle_async_request
    response = await connection.handle_async_request(
               ^^^^^^^^^^^^^^^^^^^^^^^^^^^^^^^^^^^^^^
        pool_request.request
        ^^^^^^^^^^^^^^^^^^^^
    )
    ^
  File "/home/ais04/thaqip/services/ingestion/.venv/lib/python3.13/site-packages/httpcore/_async/connection.py", line 101, in handle_async_request
    raise exc
  File "/home/ais04/thaqip/services/ingestion/.venv/lib/python3.13/site-packages/httpcore/_async/connection.py", line 78, in handle_async_request
    stream = await self._connect(request)
             ^^^^^^^^^^^^^^^^^^^^^^^^^^^^
  File "/home/ais04/thaqip/services/ingestion/.venv/lib/python3.13/site-packages/httpcore/_async/connection.py", line 156, in _connect
    stream = await stream.start_tls(**kwargs)
             ^^^^^^^^^^^^^^^^^^^^^^^^^^^^^^^^
  File "/home/ais04/thaqip/services/ingestion/.venv/lib/python3.13/site-packages/httpcore/_backends/anyio.py", line 67, in start_tls
    with map_exceptions(exc_map):
         ~~~~~~~~~~~~~~^^^^^^^^^
  File "/home/ais04/.local/share/uv/python/cpython-3.13.15-linux-x86_64-gnu/lib/python3.13/contextlib.py", line 162, in __exit__
    self.gen.throw(value)
    ~~~~~~~~~~~~~~^^^^^^^
  File "/home/ais04/thaqip/services/ingestion/.venv/lib/python3.13/site-packages/httpcore/_exceptions.py", line 14, in map_exceptions
    raise to_exc(exc) from exc
httpcore.ConnectError: [SSL] record layer failure (_ssl.c:1032)

The above exception was the direct cause of the following exception:

Traceback (most recent call last):
  File "<frozen runpy>", line 203, in _run_module_as_main
  File "<frozen runpy>", line 88, in _run_code
  File "/home/ais04/thaqip/services/ingestion/src/thaqip_ingestion/awards_harvest.py", line 241, in <module>
    asyncio.run(main())
    ~~~~~~~~~~~^^^^^^^^
  File "/home/ais04/.local/share/uv/python/cpython-3.13.15-linux-x86_64-gnu/lib/python3.13/asyncio/runners.py", line 196, in run
    return runner.run(main)
           ~~~~~~~~~~^^^^^^
  File "/home/ais04/.local/share/uv/python/cpython-3.13.15-linux-x86_64-gnu/lib/python3.13/asyncio/runners.py", line 119, in run
    return self._loop.run_until_complete(task)
           ~~~~~~~~~~~~~~~~~~~~~~~~~~~~~^^^^^^
  File "/home/ais04/.local/share/uv/python/cpython-3.13.15-linux-x86_64-gnu/lib/python3.13/asyncio/base_events.py", line 726, in run_until_complete
    return future.result()
           ~~~~~~~~~~~~~^^
  File "/home/ais04/thaqip/services/ingestion/src/thaqip_ingestion/awards_harvest.py", line 233, in main
    stats = await harvester.run(pages=args.pages, page_size=args.page_size)
            ^^^^^^^^^^^^^^^^^^^^^^^^^^^^^^^^^^^^^^^^^^^^^^^^^^^^^^^^^^^^^^^
  File "/home/ais04/thaqip/services/ingestion/src/thaqip_ingestion/awards_harvest.py", line 159, in run
    result = await self.fetch_awarding(row.tender_id_string)
             ^^^^^^^^^^^^^^^^^^^^^^^^^^^^^^^^^^^^^^^^^^^^^^^
  File "/home/ais04/thaqip/services/ingestion/src/thaqip_ingestion/awards_harvest.py", line 107, in fetch_awarding
    resp = await self._http.get(
           ^^^^^^^^^^^^^^^^^^^^^
        AWARDING_COMPONENT, params={"tenderIdStr": tender_id_string}, cookies=cookies
        ^^^^^^^^^^^^^^^^^^^^^^^^^^^^^^^^^^^^^^^^^^^^^^^^^^^^^^^^^^^^^^^^^^^^^^^^^^^^^
    )
    ^
  File "/home/ais04/thaqip/services/ingestion/.venv/lib/python3.13/site-packages/httpx/_client.py", line 1768, in get
    return await self.request(
           ^^^^^^^^^^^^^^^^^^^
    ...<9 lines>...
    )
    ^
  File "/home/ais04/thaqip/services/ingestion/.venv/lib/python3.13/site-packages/httpx/_client.py", line 1540, in request
    return await self.send(request, auth=auth, follow_redirects=follow_redirects)
           ^^^^^^^^^^^^^^^^^^^^^^^^^^^^^^^^^^^^^^^^^^^^^^^^^^^^^^^^^^^^^^^^^^^^^^
  File "/home/ais04/thaqip/services/ingestion/.venv/lib/python3.13/site-packages/httpx/_client.py", line 1629, in send
    response = await self._send_handling_auth(
               ^^^^^^^^^^^^^^^^^^^^^^^^^^^^^^^
    ...<4 lines>...
    )
    ^
  File "/home/ais04/thaqip/services/ingestion/.venv/lib/python3.13/site-packages/httpx/_client.py", line 1657, in _send_handling_auth
    response = await self._send_handling_redirects(
               ^^^^^^^^^^^^^^^^^^^^^^^^^^^^^^^^^^^^
    ...<3 lines>...
    )
    ^
  File "/home/ais04/thaqip/services/ingestion/.venv/lib/python3.13/site-packages/httpx/_client.py", line 1694, in _send_handling_redirects
    response = await self._send_single_request(request)
               ^^^^^^^^^^^^^^^^^^^^^^^^^^^^^^^^^^^^^^^^
  File "/home/ais04/thaqip/services/ingestion/.venv/lib/python3.13/site-packages/httpx/_client.py", line 1730, in _send_single_request
    response = await transport.handle_async_request(request)
               ^^^^^^^^^^^^^^^^^^^^^^^^^^^^^^^^^^^^^^^^^^^^^
  File "/home/ais04/thaqip/services/ingestion/.venv/lib/python3.13/site-packages/httpx/_transports/default.py", line 393, in handle_async_request
    with map_httpcore_exceptions():
         ~~~~~~~~~~~~~~~~~~~~~~~^^
  File "/home/ais04/.local/share/uv/python/cpython-3.13.15-linux-x86_64-gnu/lib/python3.13/contextlib.py", line 162, in __exit__
    self.gen.throw(value)
    ~~~~~~~~~~~~~~^^^^^^^
  File "/home/ais04/thaqip/services/ingestion/.venv/lib/python3.13/site-packages/httpx/_transports/default.py", line 118, in map_httpcore_exceptions
    raise mapped_exc(message) from exc
httpx.ConnectError: [SSL] record layer failure (_ssl.c:1032)
2026-09-10T00:15:02+03:00 cron harvest session starting
2026-09-10 00:15:03,719 thaqip.awards INFO awards harvest resuming at listing page 2
2026-09-10 00:15:05,155 httpx INFO HTTP Request: GET https://tenders.etimad.sa/Tender/AllSupplierTendersForVisitorAsync?PageSize=20&PageNumber=2&TenderCategory=6 "HTTP/1.1 200 OK"
2026-09-10 00:15:05,263 thaqip_ingestion.etimad.session INFO bootstrapping Etimad session via headless browser
2026-09-10 00:15:15,098 thaqip_ingestion.etimad.session INFO bootstrap complete: 14 cookies (10 TSPD)
2026-09-10 00:15:15,494 httpx INFO HTTP Request: GET https://tenders.etimad.sa/Tender/GetAwardingResultsForVisitorViewComponenet?tenderIdStr=ef9a9AFdJVYX+Q+Ytj2xag%3D%3D "HTTP/1.1 302 Found"
2026-09-10 00:15:18,592 httpx INFO HTTP Request: GET https://tenders.etimad.sa/Tender/GetAwardingResultsForVisitorViewComponenet?tenderIdStr=zagprJ7xJ+BaFvqZjkpcag%3D%3D "HTTP/1.1 302 Found"
2026-09-10 00:15:21,764 httpx INFO HTTP Request: GET https://tenders.etimad.sa/Tender/GetAwardingResultsForVisitorViewComponenet?tenderIdStr=%2A%40%40%2A%2AtVT4YuV8KxE%2A%40%40%2A%2Ai45evxlzg%3D%3D "HTTP/1.1 302 Found"
2026-09-10 00:15:24,871 httpx INFO HTTP Request: GET https://tenders.etimad.sa/Tender/GetAwardingResultsForVisitorViewComponenet?tenderIdStr=cMGYLYBKBSaN+ya+j%2A%40%40%2A%2ADPFw%3D%3D "HTTP/1.1 302 Found"
2026-09-10 00:15:28,277 httpx INFO HTTP Request: GET https://tenders.etimad.sa/Tender/GetAwardingResultsForVisitorViewComponenet?tenderIdStr=mrkGx4G42y+%2A%40%40%2A%2AGNLCzodqFA%3D%3D "HTTP/1.1 302 Found"
2026-09-10 00:15:31,374 httpx INFO HTTP Request: GET https://tenders.etimad.sa/Tender/GetAwardingResultsForVisitorViewComponenet?tenderIdStr=tXEduuLck8GnzURbVtPZ1w%3D%3D "HTTP/1.1 200 OK"
2026-09-10 00:15:34,516 httpx INFO HTTP Request: GET https://tenders.etimad.sa/Tender/GetAwardingResultsForVisitorViewComponenet?tenderIdStr=pxG2Pa5c%2A%40%40%2A%2A9PD3YnDFkrHQw%3D%3D "HTTP/1.1 200 OK"
2026-09-10 00:15:37,680 httpx INFO HTTP Request: GET https://tenders.etimad.sa/Tender/GetAwardingResultsForVisitorViewComponenet?tenderIdStr=uUPm6lKqG7dlSordewFy5g%3D%3D "HTTP/1.1 200 OK"
2026-09-10 00:15:40,768 httpx INFO HTTP Request: GET https://tenders.etimad.sa/Tender/GetAwardingResultsForVisitorViewComponenet?tenderIdStr=6QA%2A%40%40%2A%2AMrws9F8XNvn1wHIogg%3D%3D "HTTP/1.1 200 OK"
2026-09-10 00:15:43,949 httpx INFO HTTP Request: GET https://tenders.etimad.sa/Tender/GetAwardingResultsForVisitorViewComponenet?tenderIdStr=EVQBStcw0lEmI4OkoYcbsg%3D%3D "HTTP/1.1 200 OK"
2026-09-10 00:15:46,998 httpx INFO HTTP Request: GET https://tenders.etimad.sa/Tender/GetAwardingResultsForVisitorViewComponenet?tenderIdStr=6Y+jgOr5Zpf99lyK4Zr4ww%3D%3D "HTTP/1.1 429 Too Many Requests"
2026-09-10 00:15:46,999 thaqip.awards WARNING 429 on awarding component; sleeping 33s
2026-09-10 00:16:20,323 httpx INFO HTTP Request: GET https://tenders.etimad.sa/Tender/GetAwardingResultsForVisitorViewComponenet?tenderIdStr=6Y+jgOr5Zpf99lyK4Zr4ww%3D%3D "HTTP/1.1 200 OK"
2026-09-10 00:16:23,439 httpx INFO HTTP Request: GET https://tenders.etimad.sa/Tender/GetAwardingResultsForVisitorViewComponenet?tenderIdStr=I%2A%40%40%2A%2A+mLmHMDpQhBxb4Jr2f%2A%40%40%2A%2AA%3D%3D "HTTP/1.1 200 OK"
2026-09-10 00:16:26,814 httpx INFO HTTP Request: GET https://tenders.etimad.sa/Tender/GetAwardingResultsForVisitorViewComponenet?tenderIdStr=pVZhcSSmeu5y7BYfnOXv%2A%40%40%2A%2AQ%3D%3D "HTTP/1.1 200 OK"
2026-09-10 00:16:30,153 httpx INFO HTTP Request: GET https://tenders.etimad.sa/Tender/GetAwardingResultsForVisitorViewComponenet?tenderIdStr=ZU0JUe3QZXp%2A%40%40%2A%2Asu4UsvdLKA%3D%3D "HTTP/1.1 200 OK"
2026-09-10 00:16:33,278 httpx INFO HTTP Request: GET https://tenders.etimad.sa/Tender/GetAwardingResultsForVisitorViewComponenet?tenderIdStr=yTfgD%2A%40%40%2A%2AZqxCWtLhb7ZZGHTA%3D%3D "HTTP/1.1 200 OK"
2026-09-10 00:16:36,374 httpx INFO HTTP Request: GET https://tenders.etimad.sa/Tender/GetAwardingResultsForVisitorViewComponenet?tenderIdStr=a02wpbEvqUifPAmdAoJ%2A%40%40%2A%2AWw%3D%3D "HTTP/1.1 200 OK"
2026-09-10 00:16:39,447 thaqip.awards INFO page 2 done: {'pages': 1, 'tenders': 20, 'skipped': 4, 'announced': 11, 'offers': 35, 'awards': 11, 'events': 11, 'cooldown': False}
2026-09-10 00:16:42,059 httpx INFO HTTP Request: GET https://tenders.etimad.sa/Tender/AllSupplierTendersForVisitorAsync?PageSize=20&PageNumber=3&TenderCategory=6 "HTTP/1.1 400 Bad Request"
2026-09-10 00:16:42,060 thaqip_ingestion.etimad.client WARNING 400 (likely WAF cool-off); sleeping 90s (attempt 1)
2026-09-10 00:18:12,149 thaqip_ingestion.etimad.client WARNING etimad listing page=3 attempt=1 failed (waf cool-off); retrying in 1.1s
2026-09-10 00:18:14,012 httpx INFO HTTP Request: GET https://tenders.etimad.sa/Tender/AllSupplierTendersForVisitorAsync?PageSize=20&PageNumber=3&TenderCategory=6 "HTTP/1.1 400 Bad Request"
2026-09-10 00:18:14,013 thaqip_ingestion.etimad.client WARNING 400 (likely WAF cool-off); sleeping 180s (attempt 2)
2026-09-10 00:21:14,056 thaqip_ingestion.etimad.client WARNING etimad listing page=3 attempt=2 failed (waf cool-off); retrying in 2.6s
2026-09-10 00:21:17,557 httpx INFO HTTP Request: GET https://tenders.etimad.sa/Tender/AllSupplierTendersForVisitorAsync?PageSize=20&PageNumber=3&TenderCategory=6 "HTTP/1.1 200 OK"
2026-09-10 00:21:17,729 httpx INFO HTTP Request: GET https://tenders.etimad.sa/Tender/GetAwardingResultsForVisitorViewComponenet?tenderIdStr=ef9a9AFdJVYX+Q+Ytj2xag%3D%3D "HTTP/1.1 302 Found"
2026-09-10 00:21:20,823 httpx INFO HTTP Request: GET https://tenders.etimad.sa/Tender/GetAwardingResultsForVisitorViewComponenet?tenderIdStr=zagprJ7xJ+BaFvqZjkpcag%3D%3D "HTTP/1.1 302 Found"
2026-09-10 00:21:23,922 httpx INFO HTTP Request: GET https://tenders.etimad.sa/Tender/GetAwardingResultsForVisitorViewComponenet?tenderIdStr=%2A%40%40%2A%2AtVT4YuV8KxE%2A%40%40%2A%2Ai45evxlzg%3D%3D "HTTP/1.1 302 Found"
2026-09-10 00:21:27,011 httpx INFO HTTP Request: GET https://tenders.etimad.sa/Tender/GetAwardingResultsForVisitorViewComponenet?tenderIdStr=cMGYLYBKBSaN+ya+j%2A%40%40%2A%2ADPFw%3D%3D "HTTP/1.1 302 Found"
2026-09-10 00:21:30,108 httpx INFO HTTP Request: GET https://tenders.etimad.sa/Tender/GetAwardingResultsForVisitorViewComponenet?tenderIdStr=mrkGx4G42y+%2A%40%40%2A%2AGNLCzodqFA%3D%3D "HTTP/1.1 302 Found"
2026-09-10 00:21:33,293 httpx INFO HTTP Request: GET https://tenders.etimad.sa/Tender/GetAwardingResultsForVisitorViewComponenet?tenderIdStr=AV44iItVXFg13kg7pC8ZlA%3D%3D "HTTP/1.1 302 Found"
2026-09-10 00:21:36,372 httpx INFO HTTP Request: GET https://tenders.etimad.sa/Tender/GetAwardingResultsForVisitorViewComponenet?tenderIdStr=goGMBOnlc43NSaMuukGIvA%3D%3D "HTTP/1.1 200 OK"
2026-09-10 00:21:39,556 httpx INFO HTTP Request: GET https://tenders.etimad.sa/Tender/GetAwardingResultsForVisitorViewComponenet?tenderIdStr=dWvkSefKCVR0sKwT8KOhEg%3D%3D "HTTP/1.1 200 OK"
2026-09-10 00:21:42,706 httpx INFO HTTP Request: GET https://tenders.etimad.sa/Tender/GetAwardingResultsForVisitorViewComponenet?tenderIdStr=gOvnvw9L43jV9PiPNXzmBQ%3D%3D "HTTP/1.1 200 OK"
2026-09-10 00:21:45,844 httpx INFO HTTP Request: GET https://tenders.etimad.sa/Tender/GetAwardingResultsForVisitorViewComponenet?tenderIdStr=Ac+3%2A%40%40%2A%2AIPwFkEG00B8A+rwKQ%3D%3D "HTTP/1.1 200 OK"
2026-09-10 00:21:48,936 httpx INFO HTTP Request: GET https://tenders.etimad.sa/Tender/GetAwardingResultsForVisitorViewComponenet?tenderIdStr=ohvHLEWs5noqgJ%2A%40%40%2A%2AaHo3pMA%3D%3D "HTTP/1.1 429 Too Many Requests"
2026-09-10 00:21:48,937 thaqip.awards WARNING 429 on awarding component; sleeping 34s
2026-09-10 00:22:23,613 httpx INFO HTTP Request: GET https://tenders.etimad.sa/Tender/GetAwardingResultsForVisitorViewComponenet?tenderIdStr=ohvHLEWs5noqgJ%2A%40%40%2A%2AaHo3pMA%3D%3D "HTTP/1.1 200 OK"
2026-09-10 00:22:26,727 thaqip.awards INFO page 3 done: {'pages': 2, 'tenders': 40, 'skipped': 13, 'announced': 16, 'offers': 48, 'awards': 16, 'events': 16, 'cooldown': False}
2026-09-10 00:22:27,549 httpx INFO HTTP Request: GET https://tenders.etimad.sa/Tender/AllSupplierTendersForVisitorAsync?PageSize=20&PageNumber=4&TenderCategory=6 "HTTP/1.1 200 OK"
2026-09-10 00:22:27,634 httpx INFO HTTP Request: GET https://tenders.etimad.sa/Tender/GetAwardingResultsForVisitorViewComponenet?tenderIdStr=ef9a9AFdJVYX+Q+Ytj2xag%3D%3D "HTTP/1.1 302 Found"
2026-09-10 00:22:30,744 httpx INFO HTTP Request: GET https://tenders.etimad.sa/Tender/GetAwardingResultsForVisitorViewComponenet?tenderIdStr=zagprJ7xJ+BaFvqZjkpcag%3D%3D "HTTP/1.1 302 Found"
2026-09-10 00:22:33,845 httpx INFO HTTP Request: GET https://tenders.etimad.sa/Tender/GetAwardingResultsForVisitorViewComponenet?tenderIdStr=%2A%40%40%2A%2AtVT4YuV8KxE%2A%40%40%2A%2Ai45evxlzg%3D%3D "HTTP/1.1 302 Found"
2026-09-10 00:22:36,945 httpx INFO HTTP Request: GET https://tenders.etimad.sa/Tender/GetAwardingResultsForVisitorViewComponenet?tenderIdStr=cMGYLYBKBSaN+ya+j%2A%40%40%2A%2ADPFw%3D%3D "HTTP/1.1 302 Found"
2026-09-10 00:22:40,029 httpx INFO HTTP Request: GET https://tenders.etimad.sa/Tender/GetAwardingResultsForVisitorViewComponenet?tenderIdStr=mrkGx4G42y+%2A%40%40%2A%2AGNLCzodqFA%3D%3D "HTTP/1.1 302 Found"
2026-09-10 00:22:43,113 httpx INFO HTTP Request: GET https://tenders.etimad.sa/Tender/GetAwardingResultsForVisitorViewComponenet?tenderIdStr=AV44iItVXFg13kg7pC8ZlA%3D%3D "HTTP/1.1 302 Found"
2026-09-10 00:22:46,232 httpx INFO HTTP Request: GET https://tenders.etimad.sa/Tender/GetAwardingResultsForVisitorViewComponenet?tenderIdStr=QfT%2A%40%40%2A%2ATKdIfmjSGCRgKrPAvg%3D%3D "HTTP/1.1 302 Found"
2026-09-10 00:22:49,312 httpx INFO HTTP Request: GET https://tenders.etimad.sa/Tender/GetAwardingResultsForVisitorViewComponenet?tenderIdStr=DRSm3D6jmV2YEpooZUqCiA%3D%3D "HTTP/1.1 200 OK"
2026-09-10 00:22:52,451 httpx INFO HTTP Request: GET https://tenders.etimad.sa/Tender/GetAwardingResultsForVisitorViewComponenet?tenderIdStr=kktAUyaszLAB4RE+3%2A%40%40%2A%2AJDmQ%3D%3D "HTTP/1.1 200 OK"
2026-09-10 00:22:55,519 httpx INFO HTTP Request: GET https://tenders.etimad.sa/Tender/GetAwardingResultsForVisitorViewComponenet?tenderIdStr=N6nZ8sJg5SIMYVpAs1o9Pg%3D%3D "HTTP/1.1 429 Too Many Requests"
2026-09-10 00:22:55,521 thaqip.awards WARNING 429 on awarding component; sleeping 33s
2026-09-10 00:23:28,702 httpx INFO HTTP Request: GET https://tenders.etimad.sa/Tender/GetAwardingResultsForVisitorViewComponenet?tenderIdStr=N6nZ8sJg5SIMYVpAs1o9Pg%3D%3D "HTTP/1.1 200 OK"
2026-09-10 00:23:31,811 httpx INFO HTTP Request: GET https://tenders.etimad.sa/Tender/GetAwardingResultsForVisitorViewComponenet?tenderIdStr=Tw7DE8YtIieSFvERQAHuvQ%3D%3D "HTTP/1.1 200 OK"
2026-09-10 00:23:34,932 httpx INFO HTTP Request: GET https://tenders.etimad.sa/Tender/GetAwardingResultsForVisitorViewComponenet?tenderIdStr=IqrTnI5+1jXRlwj28d67tw%3D%3D "HTTP/1.1 200 OK"
2026-09-10 00:23:38,074 httpx INFO HTTP Request: GET https://tenders.etimad.sa/Tender/GetAwardingResultsForVisitorViewComponenet?tenderIdStr=BRfuro%2A%40%40%2A%2ARFKq%2A%40%40%2A%2AKqJEmDm7Iw%3D%3D "HTTP/1.1 200 OK"
2026-09-10 00:23:41,143 thaqip.awards INFO page 4 done: {'pages': 3, 'tenders': 60, 'skipped': 20, 'announced': 22, 'offers': 65, 'awards': 22, 'events': 22, 'cooldown': False}
2026-09-10 00:23:42,010 httpx INFO HTTP Request: GET https://tenders.etimad.sa/Tender/AllSupplierTendersForVisitorAsync?PageSize=20&PageNumber=5&TenderCategory=6 "HTTP/1.1 200 OK"
2026-09-10 00:23:42,109 httpx INFO HTTP Request: GET https://tenders.etimad.sa/Tender/GetAwardingResultsForVisitorViewComponenet?tenderIdStr=ef9a9AFdJVYX+Q+Ytj2xag%3D%3D "HTTP/1.1 302 Found"
2026-09-10 00:23:45,241 httpx INFO HTTP Request: GET https://tenders.etimad.sa/Tender/GetAwardingResultsForVisitorViewComponenet?tenderIdStr=zagprJ7xJ+BaFvqZjkpcag%3D%3D "HTTP/1.1 302 Found"
2026-09-10 00:23:48,339 httpx INFO HTTP Request: GET https://tenders.etimad.sa/Tender/GetAwardingResultsForVisitorViewComponenet?tenderIdStr=%2A%40%40%2A%2AtVT4YuV8KxE%2A%40%40%2A%2Ai45evxlzg%3D%3D "HTTP/1.1 302 Found"
2026-09-10 00:23:51,439 httpx INFO HTTP Request: GET https://tenders.etimad.sa/Tender/GetAwardingResultsForVisitorViewComponenet?tenderIdStr=cMGYLYBKBSaN+ya+j%2A%40%40%2A%2ADPFw%3D%3D "HTTP/1.1 302 Found"
2026-09-10 00:23:54,529 httpx INFO HTTP Request: GET https://tenders.etimad.sa/Tender/GetAwardingResultsForVisitorViewComponenet?tenderIdStr=mrkGx4G42y+%2A%40%40%2A%2AGNLCzodqFA%3D%3D "HTTP/1.1 302 Found"
2026-09-10 00:23:57,628 httpx INFO HTTP Request: GET https://tenders.etimad.sa/Tender/GetAwardingResultsForVisitorViewComponenet?tenderIdStr=AV44iItVXFg13kg7pC8ZlA%3D%3D "HTTP/1.1 302 Found"
2026-09-10 00:24:00,653 httpx INFO HTTP Request: GET https://tenders.etimad.sa/Tender/GetAwardingResultsForVisitorViewComponenet?tenderIdStr=QfT%2A%40%40%2A%2ATKdIfmjSGCRgKrPAvg%3D%3D "HTTP/1.1 429 Too Many Requests"
2026-09-10 00:24:00,654 thaqip.awards WARNING 429 on awarding component; sleeping 33s
2026-09-10 00:24:34,013 httpx INFO HTTP Request: GET https://tenders.etimad.sa/Tender/GetAwardingResultsForVisitorViewComponenet?tenderIdStr=QfT%2A%40%40%2A%2ATKdIfmjSGCRgKrPAvg%3D%3D "HTTP/1.1 302 Found"
2026-09-10 00:24:37,115 thaqip.awards INFO page 5 done: {'pages': 4, 'tenders': 80, 'skipped': 33, 'announced': 22, 'offers': 65, 'awards': 22, 'events': 22, 'cooldown': False}
2026-09-10 00:24:38,244 httpx INFO HTTP Request: GET https://tenders.etimad.sa/Tender/AllSupplierTendersForVisitorAsync?PageSize=20&PageNumber=6&TenderCategory=6 "HTTP/1.1 200 OK"
2026-09-10 00:24:38,336 httpx INFO HTTP Request: GET https://tenders.etimad.sa/Tender/GetAwardingResultsForVisitorViewComponenet?tenderIdStr=ef9a9AFdJVYX+Q+Ytj2xag%3D%3D "HTTP/1.1 302 Found"
2026-09-10 00:24:41,440 httpx INFO HTTP Request: GET https://tenders.etimad.sa/Tender/GetAwardingResultsForVisitorViewComponenet?tenderIdStr=zagprJ7xJ+BaFvqZjkpcag%3D%3D "HTTP/1.1 302 Found"
2026-09-10 00:24:44,534 httpx INFO HTTP Request: GET https://tenders.etimad.sa/Tender/GetAwardingResultsForVisitorViewComponenet?tenderIdStr=%2A%40%40%2A%2AtVT4YuV8KxE%2A%40%40%2A%2Ai45evxlzg%3D%3D "HTTP/1.1 302 Found"
2026-09-10 00:24:47,596 httpx INFO HTTP Request: GET https://tenders.etimad.sa/Tender/GetAwardingResultsForVisitorViewComponenet?tenderIdStr=cMGYLYBKBSaN+ya+j%2A%40%40%2A%2ADPFw%3D%3D "HTTP/1.1 302 Found"
2026-09-10 00:24:50,669 httpx INFO HTTP Request: GET https://tenders.etimad.sa/Tender/GetAwardingResultsForVisitorViewComponenet?tenderIdStr=mrkGx4G42y+%2A%40%40%2A%2AGNLCzodqFA%3D%3D "HTTP/1.1 302 Found"
2026-09-10 00:24:53,782 httpx INFO HTTP Request: GET https://tenders.etimad.sa/Tender/GetAwardingResultsForVisitorViewComponenet?tenderIdStr=AV44iItVXFg13kg7pC8ZlA%3D%3D "HTTP/1.1 302 Found"
2026-09-10 00:24:56,870 httpx INFO HTTP Request: GET https://tenders.etimad.sa/Tender/GetAwardingResultsForVisitorViewComponenet?tenderIdStr=QfT%2A%40%40%2A%2ATKdIfmjSGCRgKrPAvg%3D%3D "HTTP/1.1 302 Found"
2026-09-10 00:24:59,976 httpx INFO HTTP Request: GET https://tenders.etimad.sa/Tender/GetAwardingResultsForVisitorViewComponenet?tenderIdStr=JGi2xMMQEEGzyw4oFE8ofw%3D%3D "HTTP/1.1 200 OK"
2026-09-10 00:25:03,175 httpx INFO HTTP Request: GET https://tenders.etimad.sa/Tender/GetAwardingResultsForVisitorViewComponenet?tenderIdStr=vVL1H+%2A%40%40%2A%2AUmHxE3pS36jbr%2A%40%40%2A%2Ag%3D%3D "HTTP/1.1 200 OK"
2026-09-10 00:25:06,567 httpx INFO HTTP Request: GET https://tenders.etimad.sa/Tender/GetAwardingResultsForVisitorViewComponenet?tenderIdStr=kfGNYjNGbtTXKThjpvMQXA%3D%3D "HTTP/1.1 429 Too Many Requests"
2026-09-10 00:25:06,568 thaqip.awards WARNING 429 on awarding component; sleeping 32s
2026-09-10 00:25:38,989 httpx INFO HTTP Request: GET https://tenders.etimad.sa/Tender/GetAwardingResultsForVisitorViewComponenet?tenderIdStr=kfGNYjNGbtTXKThjpvMQXA%3D%3D "HTTP/1.1 302 Found"
2026-09-10 00:25:42,007 thaqip.awards INFO page 6 done: {'pages': 5, 'tenders': 100, 'skipped': 43, 'announced': 24, 'offers': 67, 'awards': 24, 'events': 24, 'cooldown': False}
2026-09-10 00:25:43,942 httpx INFO HTTP Request: GET https://tenders.etimad.sa/Tender/AllSupplierTendersForVisitorAsync?PageSize=20&PageNumber=7&TenderCategory=6 "HTTP/1.1 200 OK"
2026-09-10 00:25:44,055 httpx INFO HTTP Request: GET https://tenders.etimad.sa/Tender/GetAwardingResultsForVisitorViewComponenet?tenderIdStr=ef9a9AFdJVYX+Q+Ytj2xag%3D%3D "HTTP/1.1 302 Found"
2026-09-10 00:25:47,152 httpx INFO HTTP Request: GET https://tenders.etimad.sa/Tender/GetAwardingResultsForVisitorViewComponenet?tenderIdStr=zagprJ7xJ+BaFvqZjkpcag%3D%3D "HTTP/1.1 302 Found"
2026-09-10 00:25:50,288 httpx INFO HTTP Request: GET https://tenders.etimad.sa/Tender/GetAwardingResultsForVisitorViewComponenet?tenderIdStr=%2A%40%40%2A%2AtVT4YuV8KxE%2A%40%40%2A%2Ai45evxlzg%3D%3D "HTTP/1.1 302 Found"
2026-09-10 00:25:53,347 httpx INFO HTTP Request: GET https://tenders.etimad.sa/Tender/GetAwardingResultsForVisitorViewComponenet?tenderIdStr=cMGYLYBKBSaN+ya+j%2A%40%40%2A%2ADPFw%3D%3D "HTTP/1.1 302 Found"
2026-09-10 00:25:56,409 httpx INFO HTTP Request: GET https://tenders.etimad.sa/Tender/GetAwardingResultsForVisitorViewComponenet?tenderIdStr=mrkGx4G42y+%2A%40%40%2A%2AGNLCzodqFA%3D%3D "HTTP/1.1 302 Found"
2026-09-10 00:26:01,691 httpx INFO HTTP Request: GET https://tenders.etimad.sa/Tender/GetAwardingResultsForVisitorViewComponenet?tenderIdStr=AV44iItVXFg13kg7pC8ZlA%3D%3D "HTTP/1.1 302 Found"
2026-09-10 00:26:04,817 httpx INFO HTTP Request: GET https://tenders.etimad.sa/Tender/GetAwardingResultsForVisitorViewComponenet?tenderIdStr=QfT%2A%40%40%2A%2ATKdIfmjSGCRgKrPAvg%3D%3D "HTTP/1.1 302 Found"
2026-09-10 00:26:07,916 httpx INFO HTTP Request: GET https://tenders.etimad.sa/Tender/GetAwardingResultsForVisitorViewComponenet?tenderIdStr=kfGNYjNGbtTXKThjpvMQXA%3D%3D "HTTP/1.1 302 Found"
2026-09-10 00:26:11,040 httpx INFO HTTP Request: GET https://tenders.etimad.sa/Tender/GetAwardingResultsForVisitorViewComponenet?tenderIdStr=5+shIyx683tH%2A%40%40%2A%2ANsYx7%2A%40%40%2A%2ARDA%3D%3D "HTTP/1.1 302 Found"
2026-09-10 00:26:14,158 httpx INFO HTTP Request: GET https://tenders.etimad.sa/Tender/GetAwardingResultsForVisitorViewComponenet?tenderIdStr=ooxwCuf23cqY2YyoMnU0wQ%3D%3D "HTTP/1.1 429 Too Many Requests"
2026-09-10 00:26:14,159 thaqip.awards WARNING 429 on awarding component; sleeping 30s
2026-09-10 00:26:44,307 httpx INFO HTTP Request: GET https://tenders.etimad.sa/Tender/GetAwardingResultsForVisitorViewComponenet?tenderIdStr=ooxwCuf23cqY2YyoMnU0wQ%3D%3D "HTTP/1.1 200 OK"
2026-09-10 00:26:47,340 thaqip.awards INFO page 7 done: {'pages': 6, 'tenders': 120, 'skipped': 53, 'announced': 25, 'offers': 73, 'awards': 25, 'events': 25, 'cooldown': False}
2026-09-10 00:26:48,426 httpx INFO HTTP Request: GET https://tenders.etimad.sa/Tender/AllSupplierTendersForVisitorAsync?PageSize=20&PageNumber=8&TenderCategory=6 "HTTP/1.1 200 OK"
2026-09-10 00:26:50,191 httpx INFO HTTP Request: GET https://tenders.etimad.sa/Tender/GetAwardingResultsForVisitorViewComponenet?tenderIdStr=+zXMfRYghQ57PJe0Mc2QBQ%3D%3D "HTTP/1.1 200 OK"
2026-09-10 00:26:53,303 thaqip.awards INFO page 8 done: {'pages': 7, 'tenders': 140, 'skipped': 72, 'announced': 26, 'offers': 77, 'awards': 26, 'events': 26, 'cooldown': False}
2026-09-10 00:26:54,413 httpx INFO HTTP Request: GET https://tenders.etimad.sa/Tender/AllSupplierTendersForVisitorAsync?PageSize=20&PageNumber=9&TenderCategory=6 "HTTP/1.1 200 OK"
2026-09-10 00:26:54,554 thaqip.awards INFO page 9 done: {'pages': 8, 'tenders': 160, 'skipped': 92, 'announced': 26, 'offers': 77, 'awards': 26, 'events': 26, 'cooldown': False}
2026-09-10 00:26:56,146 httpx INFO HTTP Request: GET https://tenders.etimad.sa/Tender/AllSupplierTendersForVisitorAsync?PageSize=20&PageNumber=10&TenderCategory=6 "HTTP/1.1 200 OK"
2026-09-10 00:26:56,279 thaqip.awards INFO page 10 done: {'pages': 9, 'tenders': 180, 'skipped': 112, 'announced': 26, 'offers': 77, 'awards': 26, 'events': 26, 'cooldown': False}
2026-09-10 00:26:58,057 httpx INFO HTTP Request: GET https://tenders.etimad.sa/Tender/AllSupplierTendersForVisitorAsync?PageSize=20&PageNumber=11&TenderCategory=6 "HTTP/1.1 200 OK"
2026-09-10 00:26:58,639 httpx INFO HTTP Request: GET https://tenders.etimad.sa/Tender/GetAwardingResultsForVisitorViewComponenet?tenderIdStr=fUKlftitncdgd4BuoP1lag%3D%3D "HTTP/1.1 200 OK"
2026-09-10 00:27:02,438 httpx INFO HTTP Request: GET https://tenders.etimad.sa/Tender/GetAwardingResultsForVisitorViewComponenet?tenderIdStr=6whnfuy8+pJSRu8mgDSFKg%3D%3D "HTTP/1.1 200 OK"
2026-09-10 00:27:05,556 httpx INFO HTTP Request: GET https://tenders.etimad.sa/Tender/GetAwardingResultsForVisitorViewComponenet?tenderIdStr=pUWVxbLQNUiQxLDz%2A%40%40%2A%2AGliRg%3D%3D "HTTP/1.1 200 OK"
2026-09-10 00:27:08,883 httpx INFO HTTP Request: GET https://tenders.etimad.sa/Tender/GetAwardingResultsForVisitorViewComponenet?tenderIdStr=tk98FTkBQgsI1SC7d5UzVw%3D%3D "HTTP/1.1 200 OK"
2026-09-10 00:27:11,971 httpx INFO HTTP Request: GET https://tenders.etimad.sa/Tender/GetAwardingResultsForVisitorViewComponenet?tenderIdStr=NgpjUGPAzSwv9REc8+0ysw%3D%3D "HTTP/1.1 200 OK"
2026-09-10 00:27:15,090 httpx INFO HTTP Request: GET https://tenders.etimad.sa/Tender/GetAwardingResultsForVisitorViewComponenet?tenderIdStr=9yLZepqx6GHaIUj4bmTefg%3D%3D "HTTP/1.1 200 OK"
2026-09-10 00:27:18,272 thaqip.awards INFO page 11 done: {'pages': 10, 'tenders': 200, 'skipped': 126, 'announced': 32, 'offers': 99, 'awards': 32, 'events': 32, 'cooldown': False}
2026-09-10 00:27:19,445 httpx INFO HTTP Request: GET https://tenders.etimad.sa/Tender/AllSupplierTendersForVisitorAsync?PageSize=20&PageNumber=12&TenderCategory=6 "HTTP/1.1 200 OK"
2026-09-10 00:27:19,527 httpx INFO HTTP Request: GET https://tenders.etimad.sa/Tender/GetAwardingResultsForVisitorViewComponenet?tenderIdStr=J9wRVxc82EL4dGFvDGmNeg%3D%3D "HTTP/1.1 200 OK"
2026-09-10 00:27:22,646 httpx INFO HTTP Request: GET https://tenders.etimad.sa/Tender/GetAwardingResultsForVisitorViewComponenet?tenderIdStr=MlcdXscciuvtAUrYIPF2bQ%3D%3D "HTTP/1.1 200 OK"
2026-09-10 00:27:25,827 httpx INFO HTTP Request: GET https://tenders.etimad.sa/Tender/GetAwardingResultsForVisitorViewComponenet?tenderIdStr=MiA6i%2A%40%40%2A%2Ai1BJ05O8EKOYfPkA%3D%3D "HTTP/1.1 429 Too Many Requests"
2026-09-10 00:27:25,828 thaqip.awards WARNING 429 on awarding component; sleeping 23s
2026-09-10 00:27:48,973 httpx INFO HTTP Request: GET https://tenders.etimad.sa/Tender/GetAwardingResultsForVisitorViewComponenet?tenderIdStr=MiA6i%2A%40%40%2A%2Ai1BJ05O8EKOYfPkA%3D%3D "HTTP/1.1 200 OK"
2026-09-10 00:27:52,256 httpx INFO HTTP Request: GET https://tenders.etimad.sa/Tender/GetAwardingResultsForVisitorViewComponenet?tenderIdStr=q+%2A%40%40%2A%2Ay0G%2A%40%40%2A%2AfGRS3k+OsCf2f7Q%3D%3D "HTTP/1.1 200 OK"
2026-09-10 00:27:55,671 httpx INFO HTTP Request: GET https://tenders.etimad.sa/Tender/GetAwardingResultsForVisitorViewComponenet?tenderIdStr=CQ9h5fD3V614cRWRkTy7tg%3D%3D "HTTP/1.1 200 OK"
2026-09-10 00:27:58,873 httpx INFO HTTP Request: GET https://tenders.etimad.sa/Tender/GetAwardingResultsForVisitorViewComponenet?tenderIdStr=klcF4Ov97VuichxXUyxZCA%3D%3D "HTTP/1.1 200 OK"
2026-09-10 00:28:02,110 httpx INFO HTTP Request: GET https://tenders.etimad.sa/Tender/GetAwardingResultsForVisitorViewComponenet?tenderIdStr=M4j2ubmXsp8V1J+VRCDP5g%3D%3D "HTTP/1.1 302 Found"
2026-09-10 00:28:05,190 httpx INFO HTTP Request: GET https://tenders.etimad.sa/Tender/GetAwardingResultsForVisitorViewComponenet?tenderIdStr=%2A%40%40%2A%2An7PrMIZ1GdgjJsliepvCA%3D%3D "HTTP/1.1 200 OK"
2026-09-10 00:28:08,276 httpx INFO HTTP Request: GET https://tenders.etimad.sa/Tender/GetAwardingResultsForVisitorViewComponenet?tenderIdStr=C1cpkBSuJBFXnj30VwI4Mg%3D%3D "HTTP/1.1 200 OK"
2026-09-10 00:28:11,682 httpx INFO HTTP Request: GET https://tenders.etimad.sa/Tender/GetAwardingResultsForVisitorViewComponenet?tenderIdStr=TABrCPvI3NBu5TewfVy8GA%3D%3D "HTTP/1.1 200 OK"
2026-09-10 00:28:14,852 httpx INFO HTTP Request: GET https://tenders.etimad.sa/Tender/GetAwardingResultsForVisitorViewComponenet?tenderIdStr=kkZJMrmyUJwJUQPs0bLZDA%3D%3D "HTTP/1.1 200 OK"
2026-09-10 00:28:18,069 httpx INFO HTTP Request: GET https://tenders.etimad.sa/Tender/GetAwardingResultsForVisitorViewComponenet?tenderIdStr=+YJ3RRWpChTgHIWzyKzawA%3D%3D "HTTP/1.1 200 OK"
2026-09-10 00:28:21,108 httpx INFO HTTP Request: GET https://tenders.etimad.sa/Tender/GetAwardingResultsForVisitorViewComponenet?tenderIdStr=2b50rfwXE4TvPnnQviDApw%3D%3D "HTTP/1.1 429 Too Many Requests"
2026-09-10 00:28:21,109 thaqip.awards WARNING 429 on awarding component; sleeping 33s
2026-09-10 00:28:54,263 httpx INFO HTTP Request: GET https://tenders.etimad.sa/Tender/GetAwardingResultsForVisitorViewComponenet?tenderIdStr=2b50rfwXE4TvPnnQviDApw%3D%3D "HTTP/1.1 200 OK"
2026-09-10 00:28:57,380 thaqip.awards INFO page 12 done: {'pages': 11, 'tenders': 220, 'skipped': 133, 'announced': 44, 'offers': 164, 'awards': 44, 'events': 44, 'cooldown': False}
2026-09-10 00:28:58,389 httpx INFO HTTP Request: GET https://tenders.etimad.sa/Tender/AllSupplierTendersForVisitorAsync?PageSize=20&PageNumber=13&TenderCategory=6 "HTTP/1.1 200 OK"
2026-09-10 00:28:58,767 httpx INFO HTTP Request: GET https://tenders.etimad.sa/Tender/GetAwardingResultsForVisitorViewComponenet?tenderIdStr=ohKlhG+owPwVetTtcLCFXQ%3D%3D "HTTP/1.1 200 OK"
2026-09-10 00:29:02,598 httpx INFO HTTP Request: GET https://tenders.etimad.sa/Tender/GetAwardingResultsForVisitorViewComponenet?tenderIdStr=ACn4vy1%2A%40%40%2A%2AWDuCjvlj6za6EA%3D%3D "HTTP/1.1 200 OK"
2026-09-10 00:29:05,778 httpx INFO HTTP Request: GET https://tenders.etimad.sa/Tender/GetAwardingResultsForVisitorViewComponenet?tenderIdStr=Vtx7NpECX673TE9XCNBoAg%3D%3D "HTTP/1.1 200 OK"
2026-09-10 00:29:08,948 httpx INFO HTTP Request: GET https://tenders.etimad.sa/Tender/GetAwardingResultsForVisitorViewComponenet?tenderIdStr=r4oTrTNRorHhJAOI%2A%40%40%2A%2A7FMaQ%3D%3D "HTTP/1.1 200 OK"
2026-09-10 00:29:12,143 httpx INFO HTTP Request: GET https://tenders.etimad.sa/Tender/GetAwardingResultsForVisitorViewComponenet?tenderIdStr=5S5xCiachT8obAjQHCwLfQ%3D%3D "HTTP/1.1 200 OK"
2026-09-10 00:29:15,261 httpx INFO HTTP Request: GET https://tenders.etimad.sa/Tender/GetAwardingResultsForVisitorViewComponenet?tenderIdStr=vp8GL%2A%40%40%2A%2Araa5B76sINJTt6Mw%3D%3D "HTTP/1.1 200 OK"
2026-09-10 00:29:18,464 httpx INFO HTTP Request: GET https://tenders.etimad.sa/Tender/GetAwardingResultsForVisitorViewComponenet?tenderIdStr=RWWTShJTCJfXO3pMRF53pw%3D%3D "HTTP/1.1 200 OK"
2026-09-10 00:29:21,666 httpx INFO HTTP Request: GET https://tenders.etimad.sa/Tender/GetAwardingResultsForVisitorViewComponenet?tenderIdStr=cCUj6qmQlsdJts2QVLV8Kg%3D%3D "HTTP/1.1 200 OK"
2026-09-10 00:29:24,815 httpx INFO HTTP Request: GET https://tenders.etimad.sa/Tender/GetAwardingResultsForVisitorViewComponenet?tenderIdStr=DeK57v4Kbv4WUmrGHvtn5A%3D%3D "HTTP/1.1 200 OK"
2026-09-10 00:29:27,867 httpx INFO HTTP Request: GET https://tenders.etimad.sa/Tender/GetAwardingResultsForVisitorViewComponenet?tenderIdStr=cN7xomD6wqtETau1Mau6cA%3D%3D "HTTP/1.1 429 Too Many Requests"
2026-09-10 00:29:27,868 thaqip.awards WARNING 429 on awarding component; sleeping 31s
2026-09-10 00:29:59,645 httpx INFO HTTP Request: GET https://tenders.etimad.sa/Tender/GetAwardingResultsForVisitorViewComponenet?tenderIdStr=cN7xomD6wqtETau1Mau6cA%3D%3D "HTTP/1.1 200 OK"
2026-09-10 00:30:02,785 httpx INFO HTTP Request: GET https://tenders.etimad.sa/Tender/GetAwardingResultsForVisitorViewComponenet?tenderIdStr=iHSgY9U03RZCCZrKQLW4wg%3D%3D "HTTP/1.1 200 OK"
2026-09-10 00:30:05,851 thaqip.awards INFO page 13 done: {'pages': 12, 'tenders': 240, 'skipped': 142, 'announced': 55, 'offers': 195, 'awards': 55, 'events': 55, 'cooldown': False}
2026-09-10 00:30:06,634 httpx INFO HTTP Request: GET https://tenders.etimad.sa/Tender/AllSupplierTendersForVisitorAsync?PageSize=20&PageNumber=14&TenderCategory=6 "HTTP/1.1 400 Bad Request"
2026-09-10 00:30:06,634 thaqip_ingestion.etimad.client WARNING 400 (likely WAF cool-off); sleeping 90s (attempt 1)
2026-09-10 00:31:36,724 thaqip_ingestion.etimad.client WARNING etimad listing page=14 attempt=1 failed (waf cool-off); retrying in 1.4s
2026-09-10 00:31:38,541 httpx INFO HTTP Request: GET https://tenders.etimad.sa/Tender/AllSupplierTendersForVisitorAsync?PageSize=20&PageNumber=14&TenderCategory=6 "HTTP/1.1 400 Bad Request"
2026-09-10 00:31:38,542 thaqip_ingestion.etimad.client WARNING 400 (likely WAF cool-off); sleeping 180s (attempt 2)
2026-09-10 00:34:38,583 thaqip_ingestion.etimad.client WARNING etimad listing page=14 attempt=2 failed (waf cool-off); retrying in 2.4s
2026-09-10 00:34:41,343 httpx INFO HTTP Request: GET https://tenders.etimad.sa/Tender/AllSupplierTendersForVisitorAsync?PageSize=20&PageNumber=14&TenderCategory=6 "HTTP/1.1 400 Bad Request"
2026-09-10 00:34:41,344 thaqip_ingestion.etimad.client WARNING 400 (likely WAF cool-off); sleeping 270s (attempt 3)
2026-09-10 00:39:11,445 thaqip_ingestion.etimad.client WARNING etimad listing page=14 attempt=3 failed (waf cool-off); retrying in 4.9s
2026-09-10 00:39:16,947 httpx INFO HTTP Request: GET https://tenders.etimad.sa/Tender/AllSupplierTendersForVisitorAsync?PageSize=20&PageNumber=14&TenderCategory=6 "HTTP/1.1 400 Bad Request"
2026-09-10 00:39:16,948 thaqip_ingestion.etimad.client WARNING 400 (likely WAF cool-off); sleeping 360s (attempt 4)
2026-09-10 00:45:17,047 thaqip_ingestion.etimad.client WARNING etimad listing page=14 attempt=4 failed (waf cool-off); retrying in 8.6s
2026-09-10 00:45:26,034 httpx INFO HTTP Request: GET https://tenders.etimad.sa/Tender/AllSupplierTendersForVisitorAsync?PageSize=20&PageNumber=14&TenderCategory=6 "HTTP/1.1 400 Bad Request"
2026-09-10 00:45:26,036 thaqip_ingestion.etimad.client WARNING 400 (likely WAF cool-off); sleeping 450s (attempt 5)
2026-09-10 00:52:56,136 thaqip.resilience WARNING route /Tender/AllSupplierTendersForVisitorAsync recorded failure 1/4 (waf cool-off)
2026-09-10 00:52:56,186 thaqip.awards WARNING awards harvest paused by Etimad WAF cool-off; next schedule will retry
2026-09-10 00:52:56,191 thaqip.awards INFO harvest complete: {'pages': 12, 'tenders': 240, 'skipped': 142, 'announced': 55, 'offers': 195, 'awards': 55, 'events': 55, 'cooldown': True}
2026-09-10T06:15:01+03:00 cron harvest session starting
2026-09-10 06:15:02,029 thaqip.awards INFO awards harvest resuming at listing page 2
2026-09-10 06:15:03,015 httpx INFO HTTP Request: GET https://tenders.etimad.sa/Tender/AllSupplierTendersForVisitorAsync?PageSize=20&PageNumber=2&TenderCategory=6 "HTTP/1.1 200 OK"
2026-09-10 06:15:03,300 thaqip_ingestion.etimad.session INFO bootstrapping Etimad session via headless browser
2026-09-10 06:15:11,883 thaqip_ingestion.etimad.session INFO bootstrap complete: 14 cookies (10 TSPD)
2026-09-10 06:15:12,157 httpx INFO HTTP Request: GET https://tenders.etimad.sa/Tender/GetAwardingResultsForVisitorViewComponenet?tenderIdStr=ef9a9AFdJVYX+Q+Ytj2xag%3D%3D "HTTP/1.1 302 Found"
2026-09-10 06:15:15,242 httpx INFO HTTP Request: GET https://tenders.etimad.sa/Tender/GetAwardingResultsForVisitorViewComponenet?tenderIdStr=zagprJ7xJ+BaFvqZjkpcag%3D%3D "HTTP/1.1 302 Found"
2026-09-10 06:15:18,297 httpx INFO HTTP Request: GET https://tenders.etimad.sa/Tender/GetAwardingResultsForVisitorViewComponenet?tenderIdStr=%2A%40%40%2A%2AtVT4YuV8KxE%2A%40%40%2A%2Ai45evxlzg%3D%3D "HTTP/1.1 302 Found"
2026-09-10 06:15:21,389 httpx INFO HTTP Request: GET https://tenders.etimad.sa/Tender/GetAwardingResultsForVisitorViewComponenet?tenderIdStr=cMGYLYBKBSaN+ya+j%2A%40%40%2A%2ADPFw%3D%3D "HTTP/1.1 302 Found"
2026-09-10 06:15:24,523 httpx INFO HTTP Request: GET https://tenders.etimad.sa/Tender/GetAwardingResultsForVisitorViewComponenet?tenderIdStr=mrkGx4G42y+%2A%40%40%2A%2AGNLCzodqFA%3D%3D "HTTP/1.1 302 Found"
2026-09-10 06:15:27,616 thaqip.awards INFO page 2 done: {'pages': 1, 'tenders': 20, 'skipped': 15, 'announced': 0, 'offers': 0, 'awards': 0, 'events': 0, 'cooldown': False}
2026-09-10 06:15:29,536 httpx INFO HTTP Request: GET https://tenders.etimad.sa/Tender/AllSupplierTendersForVisitorAsync?PageSize=20&PageNumber=3&TenderCategory=6 "HTTP/1.1 400 Bad Request"
2026-09-10 06:15:29,537 thaqip_ingestion.etimad.client WARNING 400 (likely WAF cool-off); sleeping 90s (attempt 1)
2026-09-10 06:16:59,627 thaqip_ingestion.etimad.client WARNING etimad listing page=3 attempt=1 failed (waf cool-off); retrying in 1.4s
2026-09-10 06:17:01,572 httpx INFO HTTP Request: GET https://tenders.etimad.sa/Tender/AllSupplierTendersForVisitorAsync?PageSize=20&PageNumber=3&TenderCategory=6 "HTTP/1.1 400 Bad Request"
2026-09-10 06:17:01,573 thaqip_ingestion.etimad.client WARNING 400 (likely WAF cool-off); sleeping 180s (attempt 2)
2026-09-10 06:20:01,673 thaqip_ingestion.etimad.client WARNING etimad listing page=3 attempt=2 failed (waf cool-off); retrying in 2.7s
2026-09-10 06:20:05,430 httpx INFO HTTP Request: GET https://tenders.etimad.sa/Tender/AllSupplierTendersForVisitorAsync?PageSize=20&PageNumber=3&TenderCategory=6 "HTTP/1.1 200 OK"
2026-09-10 06:20:05,787 httpx INFO HTTP Request: GET https://tenders.etimad.sa/Tender/GetAwardingResultsForVisitorViewComponenet?tenderIdStr=ef9a9AFdJVYX+Q+Ytj2xag%3D%3D "HTTP/1.1 302 Found"
2026-09-10 06:20:08,907 httpx INFO HTTP Request: GET https://tenders.etimad.sa/Tender/GetAwardingResultsForVisitorViewComponenet?tenderIdStr=zagprJ7xJ+BaFvqZjkpcag%3D%3D "HTTP/1.1 302 Found"
2026-09-10 06:20:12,003 httpx INFO HTTP Request: GET https://tenders.etimad.sa/Tender/GetAwardingResultsForVisitorViewComponenet?tenderIdStr=%2A%40%40%2A%2AtVT4YuV8KxE%2A%40%40%2A%2Ai45evxlzg%3D%3D "HTTP/1.1 302 Found"
2026-09-10 06:20:15,106 httpx INFO HTTP Request: GET https://tenders.etimad.sa/Tender/GetAwardingResultsForVisitorViewComponenet?tenderIdStr=cMGYLYBKBSaN+ya+j%2A%40%40%2A%2ADPFw%3D%3D "HTTP/1.1 302 Found"
2026-09-10 06:20:18,256 httpx INFO HTTP Request: GET https://tenders.etimad.sa/Tender/GetAwardingResultsForVisitorViewComponenet?tenderIdStr=mrkGx4G42y+%2A%40%40%2A%2AGNLCzodqFA%3D%3D "HTTP/1.1 302 Found"
2026-09-10 06:20:21,356 httpx INFO HTTP Request: GET https://tenders.etimad.sa/Tender/GetAwardingResultsForVisitorViewComponenet?tenderIdStr=AV44iItVXFg13kg7pC8ZlA%3D%3D "HTTP/1.1 302 Found"
2026-09-10 06:20:24,390 thaqip.awards INFO page 3 done: {'pages': 2, 'tenders': 40, 'skipped': 29, 'announced': 0, 'offers': 0, 'awards': 0, 'events': 0, 'cooldown': False}
2026-09-10 06:20:25,428 httpx INFO HTTP Request: GET https://tenders.etimad.sa/Tender/AllSupplierTendersForVisitorAsync?PageSize=20&PageNumber=4&TenderCategory=6 "HTTP/1.1 200 OK"
2026-09-10 06:20:25,517 httpx INFO HTTP Request: GET https://tenders.etimad.sa/Tender/GetAwardingResultsForVisitorViewComponenet?tenderIdStr=ef9a9AFdJVYX+Q+Ytj2xag%3D%3D "HTTP/1.1 302 Found"
2026-09-10 06:20:28,607 httpx INFO HTTP Request: GET https://tenders.etimad.sa/Tender/GetAwardingResultsForVisitorViewComponenet?tenderIdStr=zagprJ7xJ+BaFvqZjkpcag%3D%3D "HTTP/1.1 302 Found"
2026-09-10 06:20:31,695 httpx INFO HTTP Request: GET https://tenders.etimad.sa/Tender/GetAwardingResultsForVisitorViewComponenet?tenderIdStr=%2A%40%40%2A%2AtVT4YuV8KxE%2A%40%40%2A%2Ai45evxlzg%3D%3D "HTTP/1.1 302 Found"
2026-09-10 06:20:35,037 httpx INFO HTTP Request: GET https://tenders.etimad.sa/Tender/GetAwardingResultsForVisitorViewComponenet?tenderIdStr=cMGYLYBKBSaN+ya+j%2A%40%40%2A%2ADPFw%3D%3D "HTTP/1.1 302 Found"
2026-09-10 06:20:38,062 httpx INFO HTTP Request: GET https://tenders.etimad.sa/Tender/GetAwardingResultsForVisitorViewComponenet?tenderIdStr=mrkGx4G42y+%2A%40%40%2A%2AGNLCzodqFA%3D%3D "HTTP/1.1 429 Too Many Requests"
2026-09-10 06:20:38,063 thaqip.awards WARNING 429 on awarding component; sleeping 33s
2026-09-10 06:21:12,282 httpx INFO HTTP Request: GET https://tenders.etimad.sa/Tender/GetAwardingResultsForVisitorViewComponenet?tenderIdStr=mrkGx4G42y+%2A%40%40%2A%2AGNLCzodqFA%3D%3D "HTTP/1.1 302 Found"
2026-09-10 06:21:15,384 httpx INFO HTTP Request: GET https://tenders.etimad.sa/Tender/GetAwardingResultsForVisitorViewComponenet?tenderIdStr=AV44iItVXFg13kg7pC8ZlA%3D%3D "HTTP/1.1 302 Found"
2026-09-10 06:21:18,475 httpx INFO HTTP Request: GET https://tenders.etimad.sa/Tender/GetAwardingResultsForVisitorViewComponenet?tenderIdStr=QfT%2A%40%40%2A%2ATKdIfmjSGCRgKrPAvg%3D%3D "HTTP/1.1 302 Found"
2026-09-10 06:21:21,606 thaqip.awards INFO page 4 done: {'pages': 3, 'tenders': 60, 'skipped': 42, 'announced': 0, 'offers': 0, 'awards': 0, 'events': 0, 'cooldown': False}
2026-09-10 06:21:22,483 httpx INFO HTTP Request: GET https://tenders.etimad.sa/Tender/AllSupplierTendersForVisitorAsync?PageSize=20&PageNumber=5&TenderCategory=6 "HTTP/1.1 200 OK"
2026-09-10 06:21:22,603 httpx INFO HTTP Request: GET https://tenders.etimad.sa/Tender/GetAwardingResultsForVisitorViewComponenet?tenderIdStr=ef9a9AFdJVYX+Q+Ytj2xag%3D%3D "HTTP/1.1 302 Found"
2026-09-10 06:21:25,697 httpx INFO HTTP Request: GET https://tenders.etimad.sa/Tender/GetAwardingResultsForVisitorViewComponenet?tenderIdStr=zagprJ7xJ+BaFvqZjkpcag%3D%3D "HTTP/1.1 302 Found"
2026-09-10 06:21:28,804 httpx INFO HTTP Request: GET https://tenders.etimad.sa/Tender/GetAwardingResultsForVisitorViewComponenet?tenderIdStr=%2A%40%40%2A%2AtVT4YuV8KxE%2A%40%40%2A%2Ai45evxlzg%3D%3D "HTTP/1.1 302 Found"
2026-09-10 06:21:32,538 httpx INFO HTTP Request: GET https://tenders.etimad.sa/Tender/GetAwardingResultsForVisitorViewComponenet?tenderIdStr=cMGYLYBKBSaN+ya+j%2A%40%40%2A%2ADPFw%3D%3D "HTTP/1.1 302 Found"
2026-09-10 06:21:35,629 httpx INFO HTTP Request: GET https://tenders.etimad.sa/Tender/GetAwardingResultsForVisitorViewComponenet?tenderIdStr=mrkGx4G42y+%2A%40%40%2A%2AGNLCzodqFA%3D%3D "HTTP/1.1 302 Found"
2026-09-10 06:21:38,722 httpx INFO HTTP Request: GET https://tenders.etimad.sa/Tender/GetAwardingResultsForVisitorViewComponenet?tenderIdStr=AV44iItVXFg13kg7pC8ZlA%3D%3D "HTTP/1.1 302 Found"
2026-09-10 06:21:41,818 httpx INFO HTTP Request: GET https://tenders.etimad.sa/Tender/GetAwardingResultsForVisitorViewComponenet?tenderIdStr=QfT%2A%40%40%2A%2ATKdIfmjSGCRgKrPAvg%3D%3D "HTTP/1.1 302 Found"
2026-09-10 06:21:44,871 thaqip.awards INFO page 5 done: {'pages': 4, 'tenders': 80, 'skipped': 55, 'announced': 0, 'offers': 0, 'awards': 0, 'events': 0, 'cooldown': False}
2026-09-10 06:21:45,999 httpx INFO HTTP Request: GET https://tenders.etimad.sa/Tender/AllSupplierTendersForVisitorAsync?PageSize=20&PageNumber=6&TenderCategory=6 "HTTP/1.1 200 OK"
2026-09-10 06:21:46,032 httpx INFO HTTP Request: GET https://tenders.etimad.sa/Tender/GetAwardingResultsForVisitorViewComponenet?tenderIdStr=ef9a9AFdJVYX+Q+Ytj2xag%3D%3D "HTTP/1.1 429 Too Many Requests"
2026-09-10 06:21:46,033 thaqip.awards WARNING 429 on awarding component; sleeping 31s
2026-09-10 06:22:17,236 httpx INFO HTTP Request: GET https://tenders.etimad.sa/Tender/GetAwardingResultsForVisitorViewComponenet?tenderIdStr=ef9a9AFdJVYX+Q+Ytj2xag%3D%3D "HTTP/1.1 302 Found"
2026-09-10 06:22:20,324 httpx INFO HTTP Request: GET https://tenders.etimad.sa/Tender/GetAwardingResultsForVisitorViewComponenet?tenderIdStr=zagprJ7xJ+BaFvqZjkpcag%3D%3D "HTTP/1.1 302 Found"
2026-09-10 06:22:23,653 httpx INFO HTTP Request: GET https://tenders.etimad.sa/Tender/GetAwardingResultsForVisitorViewComponenet?tenderIdStr=%2A%40%40%2A%2AtVT4YuV8KxE%2A%40%40%2A%2Ai45evxlzg%3D%3D "HTTP/1.1 302 Found"
2026-09-10 06:22:27,609 httpx INFO HTTP Request: GET https://tenders.etimad.sa/Tender/GetAwardingResultsForVisitorViewComponenet?tenderIdStr=cMGYLYBKBSaN+ya+j%2A%40%40%2A%2ADPFw%3D%3D "HTTP/1.1 302 Found"
2026-09-10 06:22:30,709 httpx INFO HTTP Request: GET https://tenders.etimad.sa/Tender/GetAwardingResultsForVisitorViewComponenet?tenderIdStr=mrkGx4G42y+%2A%40%40%2A%2AGNLCzodqFA%3D%3D "HTTP/1.1 302 Found"
2026-09-10 06:22:34,036 httpx INFO HTTP Request: GET https://tenders.etimad.sa/Tender/GetAwardingResultsForVisitorViewComponenet?tenderIdStr=AV44iItVXFg13kg7pC8ZlA%3D%3D "HTTP/1.1 302 Found"
2026-09-10 06:22:37,133 httpx INFO HTTP Request: GET https://tenders.etimad.sa/Tender/GetAwardingResultsForVisitorViewComponenet?tenderIdStr=QfT%2A%40%40%2A%2ATKdIfmjSGCRgKrPAvg%3D%3D "HTTP/1.1 302 Found"
2026-09-10 06:22:40,248 httpx INFO HTTP Request: GET https://tenders.etimad.sa/Tender/GetAwardingResultsForVisitorViewComponenet?tenderIdStr=kfGNYjNGbtTXKThjpvMQXA%3D%3D "HTTP/1.1 302 Found"
2026-09-10 06:22:43,264 thaqip.awards INFO page 6 done: {'pages': 5, 'tenders': 100, 'skipped': 67, 'announced': 0, 'offers': 0, 'awards': 0, 'events': 0, 'cooldown': False}
2026-09-10 06:22:45,332 httpx INFO HTTP Request: GET https://tenders.etimad.sa/Tender/AllSupplierTendersForVisitorAsync?PageSize=20&PageNumber=7&TenderCategory=6 "HTTP/1.1 200 OK"
2026-09-10 06:22:47,489 httpx INFO HTTP Request: GET https://tenders.etimad.sa/Tender/GetAwardingResultsForVisitorViewComponenet?tenderIdStr=ef9a9AFdJVYX+Q+Ytj2xag%3D%3D "HTTP/1.1 302 Found"
2026-09-10 06:22:50,850 httpx INFO HTTP Request: GET https://tenders.etimad.sa/Tender/GetAwardingResultsForVisitorViewComponenet?tenderIdStr=zagprJ7xJ+BaFvqZjkpcag%3D%3D "HTTP/1.1 302 Found"
2026-09-10 06:22:53,872 httpx INFO HTTP Request: GET https://tenders.etimad.sa/Tender/GetAwardingResultsForVisitorViewComponenet?tenderIdStr=%2A%40%40%2A%2AtVT4YuV8KxE%2A%40%40%2A%2Ai45evxlzg%3D%3D "HTTP/1.1 429 Too Many Requests"
2026-09-10 06:22:53,872 thaqip.awards WARNING 429 on awarding component; sleeping 28s
2026-09-10 06:23:22,046 httpx INFO HTTP Request: GET https://tenders.etimad.sa/Tender/GetAwardingResultsForVisitorViewComponenet?tenderIdStr=%2A%40%40%2A%2AtVT4YuV8KxE%2A%40%40%2A%2Ai45evxlzg%3D%3D "HTTP/1.1 302 Found"
2026-09-10 06:23:25,146 httpx INFO HTTP Request: GET https://tenders.etimad.sa/Tender/GetAwardingResultsForVisitorViewComponenet?tenderIdStr=cMGYLYBKBSaN+ya+j%2A%40%40%2A%2ADPFw%3D%3D "HTTP/1.1 302 Found"
2026-09-10 06:23:28,260 httpx INFO HTTP Request: GET https://tenders.etimad.sa/Tender/GetAwardingResultsForVisitorViewComponenet?tenderIdStr=mrkGx4G42y+%2A%40%40%2A%2AGNLCzodqFA%3D%3D "HTTP/1.1 302 Found"
2026-09-10 06:23:31,346 httpx INFO HTTP Request: GET https://tenders.etimad.sa/Tender/GetAwardingResultsForVisitorViewComponenet?tenderIdStr=AV44iItVXFg13kg7pC8ZlA%3D%3D "HTTP/1.1 302 Found"
2026-09-10 06:23:34,436 httpx INFO HTTP Request: GET https://tenders.etimad.sa/Tender/GetAwardingResultsForVisitorViewComponenet?tenderIdStr=QfT%2A%40%40%2A%2ATKdIfmjSGCRgKrPAvg%3D%3D "HTTP/1.1 302 Found"
2026-09-10 06:23:37,524 httpx INFO HTTP Request: GET https://tenders.etimad.sa/Tender/GetAwardingResultsForVisitorViewComponenet?tenderIdStr=kfGNYjNGbtTXKThjpvMQXA%3D%3D "HTTP/1.1 302 Found"
2026-09-10 06:23:40,630 httpx INFO HTTP Request: GET https://tenders.etimad.sa/Tender/GetAwardingResultsForVisitorViewComponenet?tenderIdStr=5+shIyx683tH%2A%40%40%2A%2ANsYx7%2A%40%40%2A%2ARDA%3D%3D "HTTP/1.1 302 Found"
2026-09-10 06:23:43,658 thaqip.awards INFO page 7 done: {'pages': 6, 'tenders': 120, 'skipped': 78, 'announced': 0, 'offers': 0, 'awards': 0, 'events': 0, 'cooldown': False}
2026-09-10 06:23:45,071 httpx INFO HTTP Request: GET https://tenders.etimad.sa/Tender/AllSupplierTendersForVisitorAsync?PageSize=20&PageNumber=8&TenderCategory=6 "HTTP/1.1 400 Bad Request"
2026-09-10 06:23:45,073 thaqip_ingestion.etimad.client WARNING 400 (likely WAF cool-off); sleeping 90s (attempt 1)
2026-09-10 06:25:15,083 thaqip_ingestion.etimad.client WARNING etimad listing page=8 attempt=1 failed (waf cool-off); retrying in 1.0s
2026-09-10 06:25:16,474 httpx INFO HTTP Request: GET https://tenders.etimad.sa/Tender/AllSupplierTendersForVisitorAsync?PageSize=20&PageNumber=8&TenderCategory=6 "HTTP/1.1 400 Bad Request"
2026-09-10 06:25:16,474 thaqip_ingestion.etimad.client WARNING 400 (likely WAF cool-off); sleeping 180s (attempt 2)
2026-09-10 06:28:16,576 thaqip_ingestion.etimad.client WARNING etimad listing page=8 attempt=2 failed (waf cool-off); retrying in 2.7s
2026-09-10 06:28:19,714 httpx INFO HTTP Request: GET https://tenders.etimad.sa/Tender/AllSupplierTendersForVisitorAsync?PageSize=20&PageNumber=8&TenderCategory=6 "HTTP/1.1 400 Bad Request"
2026-09-10 06:28:19,715 thaqip_ingestion.etimad.client WARNING 400 (likely WAF cool-off); sleeping 270s (attempt 3)
2026-09-10 06:32:49,816 thaqip_ingestion.etimad.client WARNING etimad listing page=8 attempt=3 failed (waf cool-off); retrying in 5.4s
2026-09-10 06:32:55,558 httpx INFO HTTP Request: GET https://tenders.etimad.sa/Tender/AllSupplierTendersForVisitorAsync?PageSize=20&PageNumber=8&TenderCategory=6 "HTTP/1.1 400 Bad Request"
2026-09-10 06:32:55,559 thaqip_ingestion.etimad.client WARNING 400 (likely WAF cool-off); sleeping 360s (attempt 4)
2026-09-10 06:38:55,659 thaqip_ingestion.etimad.client WARNING etimad listing page=8 attempt=4 failed (waf cool-off); retrying in 8.5s
2026-09-10 06:39:04,625 httpx INFO HTTP Request: GET https://tenders.etimad.sa/Tender/AllSupplierTendersForVisitorAsync?PageSize=20&PageNumber=8&TenderCategory=6 "HTTP/1.1 400 Bad Request"
2026-09-10 06:39:04,626 thaqip_ingestion.etimad.client WARNING 400 (likely WAF cool-off); sleeping 450s (attempt 5)
2026-09-10 06:46:34,726 thaqip.resilience WARNING route /Tender/AllSupplierTendersForVisitorAsync recorded failure 1/4 (waf cool-off)
2026-09-10 06:46:34,884 thaqip.awards WARNING awards harvest paused by Etimad WAF cool-off; next schedule will retry
2026-09-10 06:46:34,910 thaqip.awards INFO harvest complete: {'pages': 6, 'tenders': 120, 'skipped': 78, 'announced': 0, 'offers': 0, 'awards': 0, 'events': 0, 'cooldown': True}
